,Company Name,Ratings,Description,Comparison,Reviews,Salary,Interviews,Jobs,Benefits
0,TCS,3.3,IT Services & Consulting | Bangalore / Bengaluru +437 other locations,"Highly Rated For Job Security  Critically Rated For Promotions / Appraisal, Salary & Benefits, Work Satisfaction",1.1L Reviews,9.7L Salaries,11.7k Interviews,3k Jobs,10.6k Benefits
1,Accenture,3.7,IT Services & Consulting | Bangalore / Bengaluru +255 other locations,"Critically Rated For Promotions / Appraisal, Salary & Benefits, Work Satisfaction",70.9k Reviews,6.4L Salaries,9.1k Interviews,36.6k Jobs,6.7k Benefits
2,Wipro,3.6,IT Services & Consulting | Hyderabad / Secunderabad +370 other locations,"Critically Rated For Promotions / Appraisal, Salary & Benefits, Work Satisfaction",62.9k Reviews,4.7L Salaries,6.5k Interviews,5.7k Jobs,4.6k Benefits
3,Cognizant,3.6,IT Services & Consulting | Hyderabad / Secunderabad +229 other locations,"Critically Rated For Promotions / Appraisal, Salary & Benefits, Work Satisfaction",59.8k Reviews,5.9L Salaries,6.3k Interviews,681 Jobs,5.5k Benefits
4,Capgemini,3.7,IT Services & Consulting | Bangalore / Bengaluru +183 other locations,"Highly Rated For Work Life Balance, Job Security  Critically Rated For Promotions / Appraisal, Salary & Benefits, Work Satisfaction",51.4k Reviews,4.7L Salaries,5.4k Interviews,1.9k Jobs,3.6k Benefits
5,HDFC Bank,3.8,Banking | Mumbai +1817 other locations,"Highly Rated For Job Security, Skill Development / Learning  Critically Rated For Promotions / Appraisal, Salary & Benefits",50.4k Reviews,1.5L Salaries,2.8k Interviews,215 Jobs,3.2k Benefits
6,Infosys,3.5,IT Services & Consulting | Bangalore / Bengaluru +246 other locations,"Highly Rated For Job Security  Critically Rated For Promotions / Appraisal, Salary & Benefits, Work Satisfaction",47k Reviews,5.2L Salaries,8.3k Interviews,2.3k Jobs,4.8k Benefits
7,ICICI Bank,4.0,Banking | Mumbai +1436 other locations,"Highly Rated For Job Security, Promotions / Appraisal, Skill Development / Learning",45.1k Reviews,1.5L Salaries,2.8k Interviews,23 Jobs,3.7k Benefits
8,HCLTech,3.4,IT Services & Consulting | Chennai +226 other locations,"Critically Rated For Promotions / Appraisal, Salary & Benefits, Work Satisfaction",44.3k Reviews,3.7L Salaries,4.4k Interviews,201 Jobs,3.8k Benefits
9,Tech Mahindra,3.4,IT Services & Consulting | Hyderabad / Secunderabad +336 other locations,"Critically Rated For Promotions / Appraisal, Salary & Benefits, Work Satisfaction",42.2k Reviews,2.8L Salaries,4.4k Interviews,389 Jobs,3.4k Benefits
10,Genpact,3.6,IT Services & Consulting | Hyderabad / Secunderabad +182 other locations,"Highly Rated For Job Security  Critically Rated For Promotions / Appraisal, Salary & Benefits, Work Satisfaction",40.6k Reviews,2.3L Salaries,3.7k Interviews,475 Jobs,3.5k Benefits
11,Teleperformance,3.8,BPO | Mumbai +254 other locations,Critically Rated For Promotions / Appraisal,36.4k Reviews,95.5k Salaries,2.1k Interviews,1.1k Jobs,1.8k Benefits
12,Axis Bank,3.6,Banking | Mumbai +1497 other locations,"Critically Rated For Promotions / Appraisal, Work Satisfaction, Company Culture",32.2k Reviews,1L Salaries,1.8k Interviews,191 Jobs,2.1k Benefits
13,Jio,4.3,Telecom | Mumbai +1866 other locations,"Highly Rated For Job Security, Work Life Balance, Skill Development / Learning",31.7k Reviews,62.4k Salaries,3.5k Interviews,3 Jobs,2.5k Benefits
14,Concentrix Corporation,3.6,BPO | Bangalore / Bengaluru +179 other locations,"Highly Rated For Job Security  Critically Rated For Promotions / Appraisal, Salary & Benefits, Work Satisfaction",31.4k Reviews,1.3L Salaries,1.9k Interviews,61 Jobs,3.1k Benefits
15,Amazon,3.9,Internet | Bangalore / Bengaluru +521 other locations,"Highly Rated For Company Culture, Work Life Balance, Salary & Benefits  Critically Rated For Promotions / Appraisal",30.6k Reviews,1.5L Salaries,5.7k Interviews,1.5k Jobs,4.1k Benefits
16,iEnergizer,4.6,BPO | Noida +51 other locations,"Highly Rated For Company Culture, Work Life Balance, Work Satisfaction",27.4k Reviews,23.9k Salaries,1k Interviews,54 Jobs,430 Benefits
17,Reliance Retail,3.9,Retail | Mumbai +1149 other locations,"Highly Rated For Job Security, Skill Development / Learning, Work Life Balance  Critically Rated For Promotions / Appraisal",26.9k Reviews,74.4k Salaries,1.9k Interviews,86 Jobs,1.9k Benefits
18,LTIMindtree,3.6,IT Services & Consulting | Bangalore / Bengaluru +146 other locations,"Critically Rated For Promotions / Appraisal, Salary & Benefits, Work Satisfaction",25.6k Reviews,1.9L Salaries,3.3k Interviews,409 Jobs,776 Benefits
19,IBM,3.9,IT Services & Consulting | Bangalore / Bengaluru +160 other locations,"Highly Rated For Work Life Balance, Company Culture, Job Security  Critically Rated For Promotions / Appraisal",25.3k Reviews,2.1L Salaries,2.6k Interviews,2.8k Jobs,2.6k Benefits
20,HDB Financial Services,3.9,NBFC | Mumbai +1086 other locations,"Highly Rated For Job Security, Skill Development / Learning  Critically Rated For Promotions / Appraisal, Salary & Benefits",25k Reviews,50k Salaries,1k Interviews,159 Jobs,1.5k Benefits
21,Larsen & Toubro Limited,3.9,Engineering & Construction | Chennai +753 other locations,"Highly Rated For Job Security, Skill Development / Learning  Critically Rated For Promotions / Appraisal, Work Life Balance",23.1k Reviews,73.8k Salaries,1.8k Interviews,173 Jobs,2.8k Benefits
22,Deloitte,3.7,Management Consulting | Hyderabad / Secunderabad +187 other locations,"Critically Rated For Promotions / Appraisal, Work Life Balance, Work Satisfaction",22.2k Reviews,2.4L Salaries,3.2k Interviews,1.3k Jobs,2.4k Benefits
23,Kotak Mahindra Bank,3.6,Banking | Mumbai +681 other locations,"Critically Rated For Promotions / Appraisal, Work Satisfaction, Company Culture",21.8k Reviews,86.3k Salaries,1.3k Interviews,64 Jobs,1.3k Benefits
24,Reliance Industries,4.0,Oil & Gas | Jamnagar +812 other locations,"Highly Rated For Job Security, Work Life Balance, Skill Development / Learning  Critically Rated For Promotions / Appraisal",19.7k Reviews,72.6k Salaries,1.5k Interviews,58 Jobs,1.8k Benefits
25,Vodafone Idea,3.9,Telecom | Pune +700 other locations,"Highly Rated For Salary & Benefits, Company Culture, Work Life Balance  Critically Rated For Promotions / Appraisal",17.5k Reviews,50.4k Salaries,654 Interviews,52 Jobs,2k Benefits
26,Bharti Airtel,3.8,Telecom | Gurgaon / Gurugram +788 other locations,Critically Rated For Promotions / Appraisal,16.8k Reviews,48.7k Salaries,1.1k Interviews,122 Jobs,1.6k Benefits
27,BYJU'S,3.2,EdTech | Bangalore / Bengaluru +322 other locations,"Critically Rated For Job Security, Work Life Balance, Company Culture",16.6k Reviews,54.1k Salaries,2.1k Interviews,-- Jobs,1.7k Benefits
28,WNS,3.3,IT Services & Consulting | Pune +65 other locations,"Critically Rated For Promotions / Appraisal, Salary & Benefits, Work Satisfaction",14.7k Reviews,69.8k Salaries,1.2k Interviews,80 Jobs,1.3k Benefits
29,Tata Motors,4.1,Automobile | Pune +507 other locations,"Highly Rated For Job Security, Company Culture, Work Life Balance  Critically Rated For Promotions / Appraisal",13.9k Reviews,43.1k Salaries,1.2k Interviews,163 Jobs,1.6k Benefits
30,IDFC FIRST Bank,3.9,Banking | Mumbai +710 other locations,"Highly Rated For Salary & Benefits, Skill Development / Learning",13.8k Reviews,48.8k Salaries,885 Interviews,46 Jobs,695 Benefits
31,Ernst & Young,3.4,Management Consulting | Bangalore / Bengaluru +131 other locations,"Critically Rated For Promotions / Appraisal, Work Life Balance, Work Satisfaction",13.8k Reviews,1.4L Salaries,1.3k Interviews,4.7k Jobs,1.2k Benefits
32,IndusInd Bank,3.4,Banking | Mumbai +788 other locations,"Critically Rated For Promotions / Appraisal, Company Culture, Work Satisfaction",13.8k Reviews,51.6k Salaries,740 Interviews,147 Jobs,793 Benefits
33,AU Small Finance Bank,3.9,Banking | Jaipur +778 other locations,"Highly Rated For Work Life Balance, Job Security, Skill Development / Learning",13.7k Reviews,28.7k Salaries,650 Interviews,17 Jobs,577 Benefits
34,Flipkart,3.9,Internet | Bangalore / Bengaluru +560 other locations,"Highly Rated For Company Culture, Skill Development / Learning  Critically Rated For Promotions / Appraisal",12.6k Reviews,53.8k Salaries,1.6k Interviews,162 Jobs,1.4k Benefits
35,Bajaj Finserv,3.9,NBFC | Pune +1160 other locations,"Highly Rated For Salary & Benefits, Skill Development / Learning, Job Security",12.5k Reviews,30.6k Salaries,693 Interviews,5 Jobs,706 Benefits
36,Muthoot FinCorp,4.5,NBFC | Bangalore / Bengaluru +1086 other locations,"Highly Rated For Company Culture, Work Life Balance, Job Security",12k Reviews,8.8k Salaries,1.9k Interviews,46 Jobs,275 Benefits
37,PwC,3.3,Management Consulting | Bangalore / Bengaluru +132 other locations,"Critically Rated For Promotions / Appraisal, Work Life Balance, Work Satisfaction",11.9k Reviews,1.2L Salaries,1.5k Interviews,1.1k Jobs,800 Benefits
38,Mahindra & Mahindra,4.0,Automobile | Pune +558 other locations,"Highly Rated For Job Security, Skill Development / Learning, Company Culture  Critically Rated For Promotions / Appraisal",11.7k Reviews,39.4k Salaries,822 Interviews,-- Jobs,1.2k Benefits
39,DXC Technology,3.6,IT Services & Consulting | Bangalore / Bengaluru +133 other locations,"Highly Rated For Work Life Balance  Critically Rated For Promotions / Appraisal, Salary & Benefits, Work Satisfaction",11.7k Reviews,72.4k Salaries,881 Interviews,233 Jobs,1.1k Benefits
40,Infosys BPM,3.5,BPO | Bangalore / Bengaluru +95 other locations,"Highly Rated For Job Security  Critically Rated For Promotions / Appraisal, Salary & Benefits, Work Satisfaction",11.7k Reviews,72.5k Salaries,1.1k Interviews,67 Jobs,1.1k Benefits
41,HDFC Life,3.9,Insurance | Mumbai +695 other locations,"Highly Rated For Job Security, Skill Development / Learning",11.7k Reviews,33.2k Salaries,761 Interviews,106 Jobs,614 Benefits
42,Bandhan Bank,3.7,Banking | Kolkata +991 other locations,"Critically Rated For Promotions / Appraisal, Work Satisfaction, Skill Development / Learning",10.6k Reviews,25.7k Salaries,706 Interviews,3 Jobs,517 Benefits
43,Conneqt Business Solutions,3.6,BPO | Hyderabad / Secunderabad +265 other locations,"Critically Rated For Promotions / Appraisal, Salary & Benefits, Work Satisfaction",10.1k Reviews,26.3k Salaries,545 Interviews,363 Jobs,772 Benefits
44,Mphasis,3.3,IT Services & Consulting | Bangalore / Bengaluru +63 other locations,"Critically Rated For Promotions / Appraisal, Salary & Benefits, Work Satisfaction",10k Reviews,73.1k Salaries,903 Interviews,34 Jobs,846 Benefits
45,Yes Bank,3.7,Banking | Mumbai +540 other locations,"Critically Rated For Job Security, Promotions / Appraisal, Company Culture",9.9k Reviews,43.4k Salaries,532 Interviews,190 Jobs,608 Benefits
46,Tata Steel,4.0,Iron & Steel | Jamshedpur +226 other locations,"Highly Rated For Work Life Balance, Job Security, Company Culture  Critically Rated For Promotions / Appraisal",9.7k Reviews,33.5k Salaries,1k Interviews,-- Jobs,659 Benefits
47,Quess,3.8,Recruitment | Bangalore / Bengaluru +739 other locations,"Critically Rated For Promotions / Appraisal, Job Security",9.4k Reviews,30.4k Salaries,518 Interviews,3 Jobs,440 Benefits
48,Startek,3.1,BPO | Bangalore / Bengaluru +107 other locations,"Critically Rated For Promotions / Appraisal, Work Satisfaction, Salary & Benefits",9.3k Reviews,24.3k Salaries,605 Interviews,132 Jobs,681 Benefits
49,Asian Paints,3.9,Chemicals | Mumbai +548 other locations,"Highly Rated For Salary & Benefits, Skill Development / Learning, Job Security  Critically Rated For Promotions / Appraisal, Work Life Balance",9.3k Reviews,25.1k Salaries,810 Interviews,53 Jobs,884 Benefits
50,UltraTech Cement,4.1,Building Material | Mumbai +532 other locations,"Highly Rated For Job Security, Skill Development / Learning, Company Culture  Critically Rated For Promotions / Appraisal",9.1k Reviews,24k Salaries,760 Interviews,19 Jobs,619 Benefits
51,Paytm,3.2,FinTech | Noida +416 other locations,"Critically Rated For Job Security, Promotions / Appraisal, Company Culture",9.1k Reviews,33.6k Salaries,870 Interviews,457 Jobs,582 Benefits
52,Shriram Finance,4.0,NBFC | Chennai +1105 other locations,"Highly Rated For Job Security, Company Culture, Work Life Balance  Critically Rated For Promotions / Appraisal",8.9k Reviews,15.1k Salaries,425 Interviews,9 Jobs,29 Benefits
53,Maruti Suzuki,4.2,Automobile | Gurgaon / Gurugram +445 other locations,"Highly Rated For Job Security, Salary & Benefits, Company Culture",8.8k Reviews,27.1k Salaries,746 Interviews,703 Jobs,977 Benefits
54,Bajaj Finance,3.9,NBFC | Pune +959 other locations,"Highly Rated For Salary & Benefits, Skill Development / Learning, Job Security",8.8k Reviews,22.6k Salaries,407 Interviews,4.2k Jobs,502 Benefits
55,Sutherland Global Services,3.4,BPO | Chennai +81 other locations,"Critically Rated For Promotions / Appraisal, Salary & Benefits, Work Satisfaction",8.7k Reviews,34.1k Salaries,766 Interviews,312 Jobs,901 Benefits
56,Equitas Small Finance Bank,4.4,Banking | Chennai +472 other locations,"Highly Rated For Job Security, Company Culture, Work Life Balance",8.5k Reviews,13.1k Salaries,759 Interviews,21 Jobs,397 Benefits
57,EXL Service,3.6,Analytics & KPO | Noida +63 other locations,"Highly Rated For Job Security  Critically Rated For Promotions / Appraisal, Salary & Benefits, Skill Development / Learning",8.5k Reviews,44k Salaries,878 Interviews,1.5k Jobs,799 Benefits
58,Cipla,4.1,Pharma | Mumbai +290 other locations,"Highly Rated For Salary & Benefits, Work Life Balance, Skill Development / Learning",8.4k Reviews,25.9k Salaries,569 Interviews,77 Jobs,850 Benefits
59,Samsung,3.9,Consumer Electronics & Appliances | Noida +577 other locations,Highly Rated For Salary & Benefits  Critically Rated For Promotions / Appraisal,8.3k Reviews,26.2k Salaries,610 Interviews,29 Jobs,528 Benefits
60,Ericsson,4.0,Telecom | Noida +162 other locations,"Highly Rated For Company Culture, Work Life Balance  Critically Rated For Promotions / Appraisal, Salary & Benefits",8.3k Reviews,42.5k Salaries,461 Interviews,32 Jobs,998 Benefits
61,Wells Fargo,3.7,Financial Services | Bangalore / Bengaluru +28 other locations,"Highly Rated For Work Life Balance  Critically Rated For Promotions / Appraisal, Skill Development / Learning, Work Satisfaction",8.2k Reviews,54.9k Salaries,672 Interviews,63 Jobs,855 Benefits
62,Dr. Reddy's,4.0,Pharma | Hyderabad / Secunderabad +213 other locations,"Highly Rated For Skill Development / Learning, Company Culture, Work Life Balance  Critically Rated For Promotions / Appraisal",8.1k Reviews,25.7k Salaries,485 Interviews,15 Jobs,740 Benefits
63,Optum Global Solutions,4.0,IT Services & Consulting | Hyderabad / Secunderabad +68 other locations,"Highly Rated For Job Security, Work Life Balance, Company Culture  Critically Rated For Promotions / Appraisal",7.7k Reviews,48.2k Salaries,742 Interviews,55 Jobs,686 Benefits
64,Delhivery,3.8,Logistics | Gurgaon / Gurugram +746 other locations,Critically Rated For Promotions / Appraisal,7.6k Reviews,21.2k Salaries,592 Interviews,159 Jobs,656 Benefits
65,ICICI Prudential Life Insurance,4.0,Insurance | Mumbai +504 other locations,"Highly Rated For Job Security, Salary & Benefits, Skill Development / Learning",7.6k Reviews,23k Salaries,464 Interviews,231 Jobs,625 Benefits
66,JPMorgan Chase & Co.,3.8,Financial Services | Bangalore / Bengaluru +55 other locations,"Highly Rated For Job Security, Salary & Benefits  Critically Rated For Promotions / Appraisal",7.5k Reviews,84.1k Salaries,844 Interviews,711 Jobs,844 Benefits
67,HGS,3.8,BPO | Bangalore / Bengaluru +121 other locations,"Highly Rated For Job Security  Critically Rated For Promotions / Appraisal, Salary & Benefits",7.5k Reviews,20.8k Salaries,268 Interviews,15 Jobs,968 Benefits
68,JSW Steel,3.9,Iron & Steel | Ballari +195 other locations,"Highly Rated For Job Security, Skill Development / Learning  Critically Rated For Promotions / Appraisal",7.5k Reviews,30.2k Salaries,776 Interviews,88 Jobs,600 Benefits
69,Jana Small Finance Bank,3.8,Banking | Bangalore / Bengaluru +418 other locations,Highly Rated For Salary & Benefits  Critically Rated For Promotions / Appraisal,7.5k Reviews,14.2k Salaries,300 Interviews,48 Jobs,623 Benefits
70,Sun Pharmaceutical Industries,4.1,Pharma | Vadodara +263 other locations,"Highly Rated For Salary & Benefits, Job Security, Skill Development / Learning",7.4k Reviews,23.4k Salaries,637 Interviews,371 Jobs,594 Benefits
71,Amazon Development Centre India,3.8,Internet | Hyderabad / Secunderabad +146 other locations,"Highly Rated For Company Culture, Work Life Balance  Critically Rated For Promotions / Appraisal",7.4k Reviews,38.2k Salaries,864 Interviews,10 Jobs,20 Benefits
72,Hexaware Technologies,3.4,IT Services & Consulting | Chennai +66 other locations,"Critically Rated For Promotions / Appraisal, Salary & Benefits, Work Satisfaction",7.4k Reviews,52.9k Salaries,808 Interviews,692 Jobs,547 Benefits
73,Ujjivan Small Finance Bank,4.0,Banking | Bangalore / Bengaluru +529 other locations,"Highly Rated For Company Culture, Work Life Balance, Job Security",7.3k Reviews,13.1k Salaries,305 Interviews,163 Jobs,579 Benefits
74,Lupin,4.1,Pharma | Pune +203 other locations,"Highly Rated For Skill Development / Learning, Company Culture, Work Life Balance  Critically Rated For Promotions / Appraisal",7.2k Reviews,22.5k Salaries,430 Interviews,47 Jobs,764 Benefits
75,Zydus Lifesciences,3.9,Pharma | Ahmedabad +175 other locations,"Highly Rated For Salary & Benefits, Skill Development / Learning",7.2k Reviews,19.8k Salaries,405 Interviews,22 Jobs,605 Benefits
76,L&T Construction,4.0,Engineering & Construction | Chennai +428 other locations,"Highly Rated For Job Security, Skill Development / Learning, Salary & Benefits  Critically Rated For Work Life Balance, Promotions / Appraisal",7.2k Reviews,19k Salaries,916 Interviews,-- Jobs,780 Benefits
77,Hindustan Unilever,4.2,FMCG | Mumbai +529 other locations,"Highly Rated For Skill Development / Learning, Company Culture, Work Life Balance  Critically Rated For Promotions / Appraisal",7.1k Reviews,19.9k Salaries,450 Interviews,22 Jobs,704 Benefits
78,Ekart Logistics,3.9,Logistics | Bangalore / Bengaluru +737 other locations,Highly Rated For Skill Development / Learning  Critically Rated For Promotions / Appraisal,7.1k Reviews,16k Salaries,397 Interviews,-- Jobs,422 Benefits
79,KPMG India,3.4,Management Consulting | Bangalore / Bengaluru +111 other locations,"Critically Rated For Promotions / Appraisal, Work Life Balance, Work Satisfaction",7k Reviews,64.7k Salaries,909 Interviews,61 Jobs,749 Benefits
80,ITC,3.9,FMCG | Bangalore / Bengaluru +374 other locations,"Highly Rated For Job Security, Skill Development / Learning  Critically Rated For Promotions / Appraisal",7k Reviews,24k Salaries,668 Interviews,81 Jobs,638 Benefits
81,Axis Max Life Insurance,4.0,Insurance | New Delhi +494 other locations,"Highly Rated For Skill Development / Learning, Company Culture, Work Life Balance",6.9k Reviews,19.9k Salaries,392 Interviews,166 Jobs,495 Benefits
82,Megha Engineering & Infrastructures,3.9,Engineering & Construction | Hyderabad / Secunderabad +406 other locations,Critically Rated For Promotions / Appraisal,6.7k Reviews,18.2k Salaries,548 Interviews,27 Jobs,539 Benefits
83,Tata Projects,4.2,Engineering & Construction | Mumbai +284 other locations,"Highly Rated For Job Security, Salary & Benefits, Company Culture",6.6k Reviews,22k Salaries,570 Interviews,30 Jobs,540 Benefits
84,Coforge,3.2,IT Services & Consulting | Noida +104 other locations,"Critically Rated For Promotions / Appraisal, Work Satisfaction, Skill Development / Learning",6.5k Reviews,48.2k Salaries,678 Interviews,104 Jobs,273 Benefits
85,FIS,3.8,FinTech | Pune +61 other locations,"Highly Rated For Work Life Balance, Company Culture  Critically Rated For Promotions / Appraisal, Skill Development / Learning",6.4k Reviews,38.7k Salaries,530 Interviews,144 Jobs,721 Benefits
86,Bajaj Life Insurance,3.9,Insurance | Pune +603 other locations,Highly Rated For Salary & Benefits,6.4k Reviews,17.3k Salaries,430 Interviews,60 Jobs,474 Benefits
87,L&T Technology Services,3.1,IT Services & Consulting | Bangalore / Bengaluru +93 other locations,"Critically Rated For Promotions / Appraisal, Salary & Benefits, Work Satisfaction",6.4k Reviews,42.4k Salaries,618 Interviews,-- Jobs,415 Benefits
88,Cholamandalam Investment & Finance,3.8,Financial Services | Chennai +829 other locations,Highly Rated For Salary & Benefits  Critically Rated For Promotions / Appraisal,6.3k Reviews,12.6k Salaries,265 Interviews,12 Jobs,293 Benefits
89,IIFL Finance,4.0,NBFC | Mumbai +800 other locations,"Highly Rated For Work Life Balance, Company Culture, Job Security",6.3k Reviews,13.9k Salaries,314 Interviews,49 Jobs,433 Benefits
90,Oracle,3.5,Software Product | Bangalore / Bengaluru +56 other locations,"Highly Rated For Work Life Balance  Critically Rated For Promotions / Appraisal, Salary & Benefits, Work Satisfaction",6.2k Reviews,62.1k Salaries,939 Interviews,1.1k Jobs,617 Benefits
91,Indian Army,4.7,Defence & Aerospace | New Delhi +363 other locations,"Highly Rated For Job Security, Company Culture, Work Life Balance",6.2k Reviews,9.4k Salaries,196 Interviews,-- Jobs,728 Benefits
92,Omega Healthcare,3.8,BPO | Chennai +69 other locations,"Critically Rated For Promotions / Appraisal, Salary & Benefits",6.2k Reviews,26.2k Salaries,528 Interviews,127 Jobs,390 Benefits
93,Muthoot Finance,3.7,NBFC | Bangalore / Bengaluru +781 other locations,"Critically Rated For Promotions / Appraisal, Work Satisfaction",6.2k Reviews,13k Salaries,331 Interviews,58 Jobs,325 Benefits
94,JLL,4.1,Real Estate | Gurgaon / Gurugram +85 other locations,"Highly Rated For Job Security, Company Culture, Work Life Balance  Critically Rated For Promotions / Appraisal",6.1k Reviews,24.1k Salaries,469 Interviews,241 Jobs,540 Benefits
95,HCL Group,3.5,IT Services & Consulting | Chennai +97 other locations,"Critically Rated For Promotions / Appraisal, Salary & Benefits, Work Satisfaction",6.1k Reviews,40.3k Salaries,509 Interviews,-- Jobs,661 Benefits
96,eClerx,3.1,IT Services & Consulting | Pune +32 other locations,"Critically Rated For Promotions / Appraisal, Salary & Benefits, Work Satisfaction",6k Reviews,31.5k Salaries,623 Interviews,277 Jobs,555 Benefits
97,Virtusa Consulting Services,3.7,IT Services & Consulting | Hyderabad / Secunderabad +55 other locations,"Critically Rated For Promotions / Appraisal, Work Satisfaction, Job Security",5.9k Reviews,56.5k Salaries,656 Interviews,1.1k Jobs,318 Benefits
98,Piramal Finance,4.2,NBFC | Mumbai +419 other locations,"Highly Rated For Company Culture, Work Life Balance, Skill Development / Learning",5.9k Reviews,12.8k Salaries,286 Interviews,2 Jobs,445 Benefits
99,DMart,3.9,Retail | Mumbai +246 other locations,"Highly Rated For Job Security, Company Culture  Critically Rated For Promotions / Appraisal",5.9k Reviews,18.1k Salaries,526 Interviews,158 Jobs,473 Benefits
100,HSBC Group,3.9,Financial Services | Bangalore / Bengaluru +63 other locations,"Highly Rated For Company Culture, Work Life Balance, Job Security  Critically Rated For Promotions / Appraisal, Salary & Benefits",5.8k Reviews,42.4k Salaries,540 Interviews,141 Jobs,1.1k Benefits
101,Udaan,3.9,Internet | Bangalore / Bengaluru +371 other locations,"Highly Rated For Salary & Benefits, Work Life Balance, Skill Development / Learning  Critically Rated For Job Security, Promotions / Appraisal",5.8k Reviews,15.7k Salaries,367 Interviews,1 Jobs,755 Benefits
102,Indiamart Intermesh,3.5,Internet | Noida +171 other locations,"Critically Rated For Work Satisfaction, Promotions / Appraisal, Company Culture",5.8k Reviews,20.2k Salaries,736 Interviews,443 Jobs,432 Benefits
103,SMFG India Credit,3.9,NBFC | Mumbai +590 other locations,Highly Rated For Salary & Benefits  Critically Rated For Promotions / Appraisal,5.7k Reviews,10.5k Salaries,199 Interviews,81 Jobs,347 Benefits
104,Aurobindo Pharma,4.0,Pharma | Hyderabad / Secunderabad +115 other locations,"Highly Rated For Job Security, Salary & Benefits, Work Life Balance",5.7k Reviews,20.9k Salaries,285 Interviews,20 Jobs,468 Benefits
105,CGI Group,4.0,IT Services & Consulting | Bangalore / Bengaluru +43 other locations,"Highly Rated For Work Life Balance, Company Culture, Job Security  Critically Rated For Promotions / Appraisal, Salary & Benefits",5.7k Reviews,46.8k Salaries,558 Interviews,710 Jobs,398 Benefits
106,BigBasket,3.9,Internet | Bangalore / Bengaluru +139 other locations,Highly Rated For Job Security  Critically Rated For Promotions / Appraisal,5.6k Reviews,19k Salaries,459 Interviews,95 Jobs,380 Benefits
107,Siemens,3.9,Industrial Automation | Bangalore / Bengaluru +153 other locations,"Highly Rated For Work Life Balance, Company Culture, Job Security  Critically Rated For Promotions / Appraisal",5.6k Reviews,33.5k Salaries,497 Interviews,172 Jobs,632 Benefits
108,Manappuram Finance,3.9,NBFC | Bangalore / Bengaluru +645 other locations,"Highly Rated For Work Life Balance, Promotions / Appraisal, Skill Development / Learning",5.6k Reviews,9k Salaries,216 Interviews,15 Jobs,260 Benefits
109,Access Healthcare,3.7,BPO | Chennai +63 other locations,"Highly Rated For Job Security  Critically Rated For Promotions / Appraisal, Skill Development / Learning",5.6k Reviews,28.2k Salaries,375 Interviews,358 Jobs,347 Benefits
110,Shapoorji Pallonji Group,4.1,Engineering & Construction | Mumbai +188 other locations,"Highly Rated For Job Security, Work Life Balance, Company Culture  Critically Rated For Promotions / Appraisal",5.6k Reviews,15.2k Salaries,410 Interviews,67 Jobs,632 Benefits
111,Firstsource Solutions,3.5,BPO | Bangalore / Bengaluru +73 other locations,"Critically Rated For Promotions / Appraisal, Salary & Benefits, Work Satisfaction",5.6k Reviews,24.1k Salaries,353 Interviews,171 Jobs,570 Benefits
112,GlobalLogic,3.5,IT Services & Consulting | Hyderabad / Secunderabad +60 other locations,"Critically Rated For Promotions / Appraisal, Salary & Benefits, Work Satisfaction",5.6k Reviews,40.4k Salaries,675 Interviews,38 Jobs,515 Benefits
113,ICICI Lombard General Insurance Company,3.5,Insurance | Mumbai +311 other locations,"Critically Rated For Promotions / Appraisal, Work Satisfaction, Company Culture",5.6k Reviews,20k Salaries,349 Interviews,153 Jobs,366 Benefits
114,Tata Capital,4.0,NBFC | Mumbai +435 other locations,"Highly Rated For Job Security, Company Culture, Work Life Balance  Critically Rated For Promotions / Appraisal",5.6k Reviews,15.4k Salaries,260 Interviews,3.4k Jobs,258 Benefits
115,Standard Chartered,3.6,Banking | Chennai +68 other locations,"Critically Rated For Promotions / Appraisal, Work Satisfaction, Salary & Benefits",5.6k Reviews,42k Salaries,316 Interviews,-- Jobs,305 Benefits
116,Mahindra Finance,3.9,NBFC | Mumbai +728 other locations,Critically Rated For Promotions / Appraisal,5.5k Reviews,11.9k Salaries,206 Interviews,439 Jobs,507 Benefits
117,Apollo Hospitals,4.1,Healthcare | Chennai +229 other locations,"Highly Rated For Job Security, Skill Development / Learning, Company Culture  Critically Rated For Promotions / Appraisal",5.5k Reviews,16.3k Salaries,461 Interviews,183 Jobs,506 Benefits
118,Bosch Global Software Technologies,3.7,IT Services & Consulting | Bangalore / Bengaluru +47 other locations,"Highly Rated For Work Life Balance, Company Culture, Job Security  Critically Rated For Promotions / Appraisal, Salary & Benefits, Work Satisfaction",5.5k Reviews,39.6k Salaries,381 Interviews,7 Jobs,625 Benefits
119,PolicyBazaar,3.7,Internet | Gurgaon / Gurugram +149 other locations,"Highly Rated For Salary & Benefits  Critically Rated For Work Life Balance, Company Culture, Work Satisfaction",5.5k Reviews,16.9k Salaries,586 Interviews,439 Jobs,231 Benefits
120,UST,3.7,IT Services & Consulting | Bangalore / Bengaluru +50 other locations,"Highly Rated For Work Life Balance  Critically Rated For Promotions / Appraisal, Job Security, Salary & Benefits",5.5k Reviews,39.1k Salaries,575 Interviews,122 Jobs,407 Benefits
121,Ashok Leyland,4.0,Automobile | Chennai +254 other locations,"Highly Rated For Work Life Balance, Skill Development / Learning, Company Culture  Critically Rated For Promotions / Appraisal",5.4k Reviews,18.6k Salaries,311 Interviews,-- Jobs,642 Benefits
122,Citicorp,3.7,Financial Services | Pune +68 other locations,"Highly Rated For Salary & Benefits  Critically Rated For Promotions / Appraisal, Work Satisfaction, Skill Development / Learning",5.4k Reviews,51.6k Salaries,614 Interviews,-- Jobs,517 Benefits
123,Swiggy,3.7,Internet | Bangalore / Bengaluru +228 other locations,"Critically Rated For Job Security, Promotions / Appraisal, Work Satisfaction",5.4k Reviews,22.9k Salaries,547 Interviews,260 Jobs,343 Benefits
124,Hero MotoCorp,4.1,Automobile | Gurgaon / Gurugram +364 other locations,"Highly Rated For Company Culture, Work Life Balance, Work Satisfaction  Critically Rated For Promotions / Appraisal",5.3k Reviews,15.7k Salaries,399 Interviews,2 Jobs,584 Benefits
125,Cyient,3.6,IT Services & Consulting | Hyderabad / Secunderabad +48 other locations,"Critically Rated For Promotions / Appraisal, Salary & Benefits, Work Satisfaction",5.3k Reviews,27.4k Salaries,324 Interviews,77 Jobs,466 Benefits
126,SBI Cards & Payment Services,3.7,Financial Services | Gurgaon / Gurugram +435 other locations,"Critically Rated For Promotions / Appraisal, Work Satisfaction, Company Culture",5.1k Reviews,15.9k Salaries,294 Interviews,79 Jobs,344 Benefits
127,Kalpataru Projects International,4.1,Engineering & Construction | Mumbai +320 other locations,"Highly Rated For Job Security, Skill Development / Learning, Salary & Benefits",5.1k Reviews,13.7k Salaries,314 Interviews,-- Jobs,203 Benefits
128,JustDial,3.5,Internet | Noida +228 other locations,"Critically Rated For Promotions / Appraisal, Work Satisfaction, Job Security",5.1k Reviews,15.3k Salaries,383 Interviews,61 Jobs,372 Benefits
129,BNY,3.7,Financial Services | Pune +25 other locations,"Highly Rated For Work Life Balance  Critically Rated For Promotions / Appraisal, Job Security, Work Satisfaction",5.1k Reviews,30.7k Salaries,387 Interviews,1 Jobs,527 Benefits
130,IQVIA,3.7,Clinical Research | Bangalore / Bengaluru +62 other locations,"Critically Rated For Promotions / Appraisal, Salary & Benefits",5k Reviews,30.6k Salaries,535 Interviews,10 Jobs,524 Benefits
131,SBI Life Insurance Company,3.7,Insurance | Mumbai +652 other locations,"Highly Rated For Job Security  Critically Rated For Promotions / Appraisal, Work Life Balance, Work Satisfaction",5k Reviews,11.7k Salaries,299 Interviews,5 Jobs,327 Benefits
132,CBRE,4.1,Real Estate | Hyderabad / Secunderabad +91 other locations,"Highly Rated For Company Culture, Work Life Balance, Job Security",5k Reviews,18.5k Salaries,336 Interviews,22 Jobs,443 Benefits
133,TVS Motor,3.9,Automobile | Hosur +349 other locations,"Highly Rated For Job Security, Skill Development / Learning, Salary & Benefits  Critically Rated For Promotions / Appraisal",5k Reviews,15.7k Salaries,384 Interviews,75 Jobs,536 Benefits
134,NTT Data,3.8,IT Services & Consulting | Bangalore / Bengaluru +79 other locations,Highly Rated For Work Life Balance  Critically Rated For Promotions / Appraisal,5k Reviews,35.6k Salaries,726 Interviews,116 Jobs,156 Benefits
135,Nagarjuna Construction Company,4.0,Engineering & Construction | Hyderabad / Secunderabad +295 other locations,"Highly Rated For Job Security, Company Culture, Work Life Balance",5k Reviews,12k Salaries,419 Interviews,7 Jobs,408 Benefits
136,Schneider Electric,4.1,Industrial Automation | Bangalore / Bengaluru +120 other locations,"Highly Rated For Company Culture, Work Life Balance, Job Security  Critically Rated For Promotions / Appraisal",5k Reviews,24.2k Salaries,443 Interviews,25 Jobs,463 Benefits
137,Persistent Systems,3.6,IT Services & Consulting | Pune +42 other locations,"Critically Rated For Promotions / Appraisal, Job Security, Work Satisfaction",4.9k Reviews,44.2k Salaries,698 Interviews,312 Jobs,369 Benefits
138,vivo,4.1,Consumer Electronics & Appliances | Noida +414 other locations,"Highly Rated For Skill Development / Learning, Company Culture, Work Life Balance  Critically Rated For Promotions / Appraisal",4.9k Reviews,13.1k Salaries,229 Interviews,5 Jobs,643 Benefits
139,State Bank of India,3.8,Banking | Mumbai +618 other locations,"Highly Rated For Job Security, Salary & Benefits",4.9k Reviews,11.6k Salaries,301 Interviews,8 Jobs,400 Benefits
140,Atos,3.8,IT Services & Consulting | Pune +49 other locations,"Highly Rated For Work Life Balance  Critically Rated For Promotions / Appraisal, Salary & Benefits",4.8k Reviews,34k Salaries,403 Interviews,103 Jobs,454 Benefits
141,Ecom Express,4.0,Logistics | Gurgaon / Gurugram +775 other locations,"Highly Rated For Company Culture, Work Life Balance, Work Satisfaction",4.8k Reviews,9.4k Salaries,257 Interviews,-- Jobs,323 Benefits
142,Eviden,3.6,IT Services & Consulting | Pune +39 other locations,"Highly Rated For Work Life Balance  Critically Rated For Promotions / Appraisal, Salary & Benefits, Work Satisfaction",4.8k Reviews,28.1k Salaries,316 Interviews,7 Jobs,1 Benefits
143,KEC International,4.0,Engineering & Construction | Mumbai +312 other locations,"Highly Rated For Job Security, Salary & Benefits, Company Culture  Critically Rated For Promotions / Appraisal",4.8k Reviews,13.3k Salaries,404 Interviews,4 Jobs,441 Benefits
144,Amdocs,3.6,Software Product | Pune +23 other locations,"Critically Rated For Promotions / Appraisal, Work Satisfaction, Job Security",4.7k Reviews,37.3k Salaries,558 Interviews,9 Jobs,614 Benefits
145,Nagarro,3.9,IT Services & Consulting | Gurgaon / Gurugram +49 other locations,"Highly Rated For Company Culture, Work Life Balance  Critically Rated For Promotions / Appraisal",4.7k Reviews,31.8k Salaries,826 Interviews,361 Jobs,1.1k Benefits
146,JBM Group,3.9,Auto Components | Gurgaon / Gurugram +116 other locations,"Highly Rated For Job Security, Skill Development / Learning  Critically Rated For Promotions / Appraisal",4.7k Reviews,13.9k Salaries,335 Interviews,47 Jobs,342 Benefits
147,Varun Beverages,4.0,Beverage | New Delhi +379 other locations,"Highly Rated For Job Security, Work Life Balance, Skill Development / Learning  Critically Rated For Promotions / Appraisal",4.7k Reviews,12.2k Salaries,330 Interviews,35 Jobs,321 Benefits
148,ITC Infotech,3.7,IT Services & Consulting | Bangalore / Bengaluru +67 other locations,"Highly Rated For Work Life Balance, Job Security  Critically Rated For Promotions / Appraisal",4.6k Reviews,29.4k Salaries,407 Interviews,79 Jobs,281 Benefits
149,Home Credit Finance,4.0,NBFC | Gurgaon / Gurugram +136 other locations,"Highly Rated For Work Life Balance, Company Culture, Skill Development / Learning  Critically Rated For Promotions / Appraisal",4.6k Reviews,9.4k Salaries,142 Interviews,92 Jobs,629 Benefits
150,Bosch,4.1,Auto Components | Bangalore / Bengaluru +129 other locations,"Highly Rated For Company Culture, Work Life Balance, Skill Development / Learning  Critically Rated For Promotions / Appraisal",4.6k Reviews,20.6k Salaries,370 Interviews,232 Jobs,599 Benefits
151,EY Global Delivery Services ( EY GDS),3.5,IT Services & Consulting | Bangalore / Bengaluru +56 other locations,"Highly Rated For Job Security  Critically Rated For Promotions / Appraisal, Work Satisfaction, Work Life Balance",4.5k Reviews,48.1k Salaries,871 Interviews,10 Jobs,146 Benefits
152,Hewlett Packard Enterprise,4.1,IT Services & Consulting | Bangalore / Bengaluru +103 other locations,"Highly Rated For Company Culture, Work Life Balance, Work Satisfaction  Critically Rated For Promotions / Appraisal",4.5k Reviews,27.1k Salaries,265 Interviews,157 Jobs,546 Benefits
153,Mahindra Logistics,3.7,Logistics | Mumbai +233 other locations,"Critically Rated For Promotions / Appraisal, Salary & Benefits",4.5k Reviews,13k Salaries,246 Interviews,-- Jobs,445 Benefits
154,L&T Finance,3.9,NBFC | Mumbai +628 other locations,Highly Rated For Salary & Benefits  Critically Rated For Promotions / Appraisal,4.5k Reviews,11.6k Salaries,209 Interviews,-- Jobs,260 Benefits
155,Aditya Birla Fashion and Retail,4.1,Fashion & Textile | Bangalore / Bengaluru +290 other locations,"Highly Rated For Job Security, Skill Development / Learning, Company Culture",4.5k Reviews,13k Salaries,259 Interviews,76 Jobs,391 Benefits
156,Utkarsh Small Finance Bank,3.6,Banking | Varanasi +406 other locations,"Critically Rated For Promotions / Appraisal, Company Culture, Work Satisfaction",4.5k Reviews,10.8k Salaries,288 Interviews,24 Jobs,269 Benefits
157,OPPO,3.9,Consumer Electronics & Appliances | Greater Noida +409 other locations,"Highly Rated For Skill Development / Learning  Critically Rated For Promotions / Appraisal, Job Security",4.5k Reviews,11.8k Salaries,248 Interviews,8 Jobs,602 Benefits
158,Randstad,3.7,Recruitment | Hyderabad / Secunderabad +350 other locations,"Critically Rated For Promotions / Appraisal, Job Security, Skill Development / Learning",4.5k Reviews,16.2k Salaries,314 Interviews,8 Jobs,331 Benefits
159,Dell,3.8,Consumer Electronics & Appliances | Bangalore / Bengaluru +117 other locations,"Highly Rated For Work Life Balance, Company Culture  Critically Rated For Promotions / Appraisal, Job Security",4.4k Reviews,28.6k Salaries,421 Interviews,98 Jobs,540 Benefits
160,CARS24,3.4,Internet | Gurgaon / Gurugram +173 other locations,"Critically Rated For Job Security, Promotions / Appraisal, Company Culture",4.4k Reviews,15.3k Salaries,402 Interviews,135 Jobs,410 Benefits
161,Havells,3.9,Electrical Equipment | Noida +258 other locations,"Highly Rated For Work Life Balance, Salary & Benefits  Critically Rated For Promotions / Appraisal",4.4k Reviews,15.4k Salaries,278 Interviews,29 Jobs,315 Benefits
162,R1 RCM,3.8,BPO | New Delhi +47 other locations,"Highly Rated For Company Culture, Job Security  Critically Rated For Promotions / Appraisal",4.4k Reviews,21.1k Salaries,352 Interviews,131 Jobs,334 Benefits
163,Intas Pharmaceuticals,4.1,Pharma | Ahmedabad +148 other locations,"Highly Rated For Job Security, Salary & Benefits, Work Life Balance",4.4k Reviews,17.1k Salaries,251 Interviews,49 Jobs,362 Benefits
164,Tata AIA Life Insurance,3.9,Insurance | Mumbai +440 other locations,"Highly Rated For Job Security, Skill Development / Learning, Salary & Benefits",4.4k Reviews,13.8k Salaries,246 Interviews,652 Jobs,297 Benefits
165,Hyundai Motor India Limited,4.1,Automobile | Chennai +287 other locations,"Highly Rated For Job Security, Salary & Benefits, Company Culture",4.4k Reviews,13.7k Salaries,313 Interviews,3 Jobs,518 Benefits
166,Deutsche Bank,3.8,Banking | Pune +42 other locations,"Highly Rated For Work Life Balance, Job Security, Company Culture  Critically Rated For Promotions / Appraisal",4.3k Reviews,35.8k Salaries,415 Interviews,278 Jobs,399 Benefits
167,Hetero,3.9,Pharma | Hyderabad / Secunderabad +67 other locations,"Highly Rated For Job Security, Work Life Balance  Critically Rated For Promotions / Appraisal, Salary & Benefits",4.3k Reviews,15.1k Salaries,290 Interviews,153 Jobs,332 Benefits
168,Motilal Oswal Financial Services,3.7,Financial Services | Mumbai +168 other locations,"Highly Rated For Skill Development / Learning  Critically Rated For Promotions / Appraisal, Work Life Balance, Work Satisfaction",4.3k Reviews,13k Salaries,536 Interviews,54 Jobs,167 Benefits
169,Team Lease,3.9,Recruitment | Bangalore / Bengaluru +394 other locations,Highly Rated For Work Life Balance  Critically Rated For Promotions / Appraisal,4.2k Reviews,15.9k Salaries,241 Interviews,-- Jobs,215 Benefits
170,Berger Paints,3.7,Chemicals | Kolkata +353 other locations,"Critically Rated For Promotions / Appraisal, Company Culture, Work Life Balance",4.2k Reviews,10.1k Salaries,399 Interviews,151 Jobs,273 Benefits
171,Lenskart,3.3,Internet | New Delhi +239 other locations,"Critically Rated For Promotions / Appraisal, Company Culture, Work Life Balance",4.2k Reviews,13.1k Salaries,425 Interviews,119 Jobs,199 Benefits
172,Thermax Limited,4.2,Industrial Machinery | Pune +247 other locations,"Highly Rated For Job Security, Company Culture, Work Life Balance",4.1k Reviews,13.1k Salaries,321 Interviews,86 Jobs,371 Benefits
173,Bajaj Auto,3.8,Automobile | Pune +317 other locations,Critically Rated For Promotions / Appraisal,4.1k Reviews,14.5k Salaries,317 Interviews,-- Jobs,496 Benefits
174,Macleods Pharmaceuticals,3.7,Pharma | Mumbai +131 other locations,"Highly Rated For Job Security  Critically Rated For Promotions / Appraisal, Company Culture",4.1k Reviews,15.6k Salaries,258 Interviews,9 Jobs,333 Benefits
175,Aakash Educational Services,3.2,Education & Training | New Delhi +243 other locations,"Critically Rated For Promotions / Appraisal, Work Life Balance, Job Security",4.1k Reviews,13.6k Salaries,361 Interviews,79 Jobs,212 Benefits
176,Kogta Financial India Limited,4.7,NBFC | Jaipur +259 other locations,"Highly Rated For Company Culture, Work Life Balance, Work Satisfaction",4.1k Reviews,1.8k Salaries,222 Interviews,126 Jobs,31 Benefits
177,Jubilant Foods Works,3.7,Hospitality | New Delhi +261 other locations,"Critically Rated For Promotions / Appraisal, Work Satisfaction",4.1k Reviews,9.2k Salaries,243 Interviews,186 Jobs,180 Benefits
178,LG Electronics,3.9,Consumer Electronics & Appliances | Pune +297 other locations,"Highly Rated For Job Security, Skill Development / Learning  Critically Rated For Promotions / Appraisal",4.1k Reviews,10.9k Salaries,253 Interviews,-- Jobs,399 Benefits
179,VE Commercial Vehicles,3.9,Automobile | Indore +157 other locations,"Highly Rated For Job Security, Skill Development / Learning  Critically Rated For Promotions / Appraisal, Salary & Benefits",4k Reviews,13.4k Salaries,274 Interviews,6 Jobs,340 Benefits
180,Royal Enfield,4.2,Automobile | Chennai +375 other locations,"Highly Rated For Work Life Balance, Skill Development / Learning, Company Culture  Critically Rated For Promotions / Appraisal",4k Reviews,14.7k Salaries,194 Interviews,19 Jobs,396 Benefits
181,Jindal Steel Limited,3.9,Iron & Steel | Angul +172 other locations,Highly Rated For Skill Development / Learning  Critically Rated For Promotions / Appraisal,4k Reviews,15.5k Salaries,403 Interviews,38 Jobs,328 Benefits
182,Hindalco Industries,4.2,Metals & Mining | Sambalpur +127 other locations,"Highly Rated For Job Security, Work Life Balance, Skill Development / Learning",4k Reviews,12.3k Salaries,284 Interviews,8 Jobs,329 Benefits
183,John Deere,4.0,Industrial Machinery | Pune +156 other locations,"Highly Rated For Company Culture, Work Life Balance, Skill Development / Learning  Critically Rated For Promotions / Appraisal",4k Reviews,15.2k Salaries,264 Interviews,1 Jobs,417 Benefits
184,Tata Communications,3.9,Telecom | Pune +102 other locations,"Highly Rated For Work Life Balance, Company Culture, Job Security  Critically Rated For Promotions / Appraisal, Salary & Benefits",4k Reviews,23.5k Salaries,296 Interviews,37 Jobs,426 Benefits
185,DCB Bank,3.8,Banking | Mumbai +339 other locations,Highly Rated For Work Life Balance  Critically Rated For Promotions / Appraisal,4k Reviews,9.5k Salaries,222 Interviews,14 Jobs,248 Benefits
186,HDFC Ergo General Insurance,3.9,Insurance | Mumbai +321 other locations,"Highly Rated For Work Life Balance, Company Culture, Job Security  Critically Rated For Promotions / Appraisal",4k Reviews,12k Salaries,190 Interviews,14 Jobs,273 Benefits
187,State Street Corporation,3.5,Financial Services | Bangalore / Bengaluru +34 other locations,"Critically Rated For Promotions / Appraisal, Salary & Benefits, Company Culture",3.9k Reviews,31.1k Salaries,281 Interviews,8 Jobs,261 Benefits
188,RBL Bank,3.5,Banking | Mumbai +285 other locations,"Critically Rated For Promotions / Appraisal, Work Satisfaction, Company Culture",3.9k Reviews,18.2k Salaries,229 Interviews,51 Jobs,221 Benefits
189,Cummins,4.3,Industrial Machinery | Pune +113 other locations,"Highly Rated For Company Culture, Work Life Balance, Work Satisfaction",3.9k Reviews,15.5k Salaries,273 Interviews,9 Jobs,458 Benefits
190,Oyo Rooms,3.1,Internet | Gurgaon / Gurugram +120 other locations,"Critically Rated For Job Security, Company Culture, Work Life Balance",3.9k Reviews,14.5k Salaries,252 Interviews,124 Jobs,389 Benefits
191,Pidilite Industries,4.2,Chemicals | Mumbai +311 other locations,"Highly Rated For Job Security, Work Life Balance, Company Culture  Critically Rated For Promotions / Appraisal",3.8k Reviews,11.4k Salaries,251 Interviews,-- Jobs,359 Benefits
192,Alembic Pharmaceuticals,3.9,Pharma | Vadodara +187 other locations,"Highly Rated For Salary & Benefits, Work Life Balance",3.8k Reviews,15.2k Salaries,248 Interviews,47 Jobs,378 Benefits
193,Reliance Communications,4.0,Telecom | Mumbai +465 other locations,"Highly Rated For Skill Development / Learning, Company Culture, Work Life Balance  Critically Rated For Promotions / Appraisal",3.8k Reviews,9.6k Salaries,103 Interviews,-- Jobs,375 Benefits
194,Bank of America,4.1,Banking | Gurgaon / Gurugram +35 other locations,"Highly Rated For Job Security, Work Life Balance, Company Culture  Critically Rated For Promotions / Appraisal",3.8k Reviews,28k Salaries,284 Interviews,-- Jobs,413 Benefits
195,Carelon Global Solutions,3.9,IT Services & Consulting | Bangalore / Bengaluru +21 other locations,"Highly Rated For Company Culture, Work Life Balance, Job Security  Critically Rated For Promotions / Appraisal",3.8k Reviews,26.6k Salaries,406 Interviews,24 Jobs,7 Benefits
196,Publicis Sapient,3.4,IT Services & Consulting | Bangalore / Bengaluru +48 other locations,"Critically Rated For Promotions / Appraisal, Job Security, Work Satisfaction",3.8k Reviews,30.9k Salaries,682 Interviews,257 Jobs,391 Benefits
197,Subros,3.8,Auto Components | Noida +87 other locations,"Highly Rated For Job Security, Skill Development / Learning, Company Culture  Critically Rated For Salary & Benefits, Promotions / Appraisal",3.8k Reviews,12.5k Salaries,214 Interviews,1 Jobs,379 Benefits
198,PVR INOX,3.9,Media & Entertainment | New Delhi +150 other locations,Critically Rated For Promotions / Appraisal,3.8k Reviews,9.4k Salaries,207 Interviews,19 Jobs,241 Benefits
199,XpressBees,4.2,Logistics | Pune +473 other locations,"Highly Rated For Work Life Balance, Company Culture, Work Satisfaction",3.8k Reviews,8k Salaries,437 Interviews,11 Jobs,176 Benefits
200,American Express,4.1,Financial Services | Gurgaon / Gurugram +53 other locations,"Highly Rated For Company Culture, Work Life Balance, Job Security  Critically Rated For Promotions / Appraisal",3.8k Reviews,24.6k Salaries,418 Interviews,90 Jobs,435 Benefits
201,Viatris,4.1,Pharma | Hyderabad / Secunderabad +81 other locations,"Highly Rated For Salary & Benefits, Job Security, Work Life Balance",3.7k Reviews,14.2k Salaries,163 Interviews,1 Jobs,500 Benefits
202,Automatic Data Processing (ADP),3.9,Software Product | Hyderabad / Secunderabad +40 other locations,"Highly Rated For Job Security, Company Culture, Work Life Balance  Critically Rated For Promotions / Appraisal, Salary & Benefits",3.7k Reviews,22k Salaries,288 Interviews,59 Jobs,457 Benefits
203,Kyndryl,3.9,IT Services & Consulting | Bangalore / Bengaluru +37 other locations,"Highly Rated For Work Life Balance, Company Culture, Skill Development / Learning  Critically Rated For Promotions / Appraisal",3.7k Reviews,25.9k Salaries,221 Interviews,25 Jobs,163 Benefits
204,PNB MetLife,3.4,Insurance | New Delhi +422 other locations,"Critically Rated For Company Culture, Work Satisfaction, Job Security",3.7k Reviews,7.9k Salaries,188 Interviews,13 Jobs,215 Benefits
205,Escorts Kubota Limited,4.1,Automobile | Faridabad +154 other locations,"Highly Rated For Work Life Balance, Company Culture, Skill Development / Learning  Critically Rated For Promotions / Appraisal",3.7k Reviews,13.2k Salaries,280 Interviews,2 Jobs,255 Benefits
206,Aditya Birla Sun Life Insurance,4.0,Insurance | Mumbai +489 other locations,"Highly Rated For Work Life Balance, Company Culture, Job Security",3.7k Reviews,10k Salaries,173 Interviews,-- Jobs,214 Benefits
207,Grasim Industries,4.0,Building Material | Bharuch +239 other locations,"Highly Rated For Job Security, Skill Development / Learning, Company Culture  Critically Rated For Promotions / Appraisal",3.7k Reviews,12.8k Salaries,269 Interviews,2 Jobs,267 Benefits
208,Sodexo,4.0,Facility Management Services | Mumbai +156 other locations,"Highly Rated For Work Life Balance, Company Culture, Skill Development / Learning  Critically Rated For Promotions / Appraisal",3.6k Reviews,10k Salaries,192 Interviews,881 Jobs,361 Benefits
209,Maersk,4.0,Logistics | Chennai +49 other locations,"Highly Rated For Company Culture, Work Life Balance, Work Satisfaction  Critically Rated For Promotions / Appraisal",3.7k Reviews,18.9k Salaries,244 Interviews,27 Jobs,420 Benefits
210,Birlasoft,3.5,IT Services & Consulting | Pune +50 other locations,"Critically Rated For Promotions / Appraisal, Salary & Benefits, Work Satisfaction",3.6k Reviews,29.6k Salaries,314 Interviews,426 Jobs,235 Benefits
211,Godrej & Boyce Manufacturing,3.9,Consumer Electronics & Appliances | Mumbai +165 other locations,Highly Rated For Job Security  Critically Rated For Promotions / Appraisal,3.6k Reviews,15k Salaries,220 Interviews,55 Jobs,412 Benefits
212,Synechron,3.5,IT Services & Consulting | Pune +32 other locations,"Critically Rated For Job Security, Promotions / Appraisal, Work Satisfaction",3.6k Reviews,27.9k Salaries,401 Interviews,32 Jobs,237 Benefits
213,Glenmark Pharmaceuticals,3.8,Pharma | Mumbai +181 other locations,Critically Rated For Promotions / Appraisal,3.6k Reviews,12.2k Salaries,178 Interviews,129 Jobs,317 Benefits
214,Cogent E Services,3.2,BPO | Noida +55 other locations,"Critically Rated For Company Culture, Work Satisfaction, Promotions / Appraisal",3.6k Reviews,10.3k Salaries,291 Interviews,1 Jobs,220 Benefits
215,Dabur,3.9,FMCG | New Delhi +318 other locations,Highly Rated For Salary & Benefits  Critically Rated For Promotions / Appraisal,3.6k Reviews,8.7k Salaries,324 Interviews,19 Jobs,275 Benefits
216,JK Cement,4.0,Building Material | New Delhi +325 other locations,Highly Rated For Salary & Benefits,3.6k Reviews,9.8k Salaries,326 Interviews,1 Jobs,257 Benefits
217,Samvardhana Motherson Group,3.7,Auto Components | Noida +93 other locations,"Highly Rated For Job Security  Critically Rated For Promotions / Appraisal, Company Culture, Work Satisfaction",3.6k Reviews,12.1k Salaries,255 Interviews,14 Jobs,403 Benefits
218,Bharat Electronics,4.2,Electronics Manufacturing | Bangalore / Bengaluru +88 other locations,"Highly Rated For Work Life Balance, Company Culture, Work Satisfaction",3.6k Reviews,12.3k Salaries,242 Interviews,-- Jobs,312 Benefits
219,Kotak Mahindara Life Insurance,3.5,Insurance | Mumbai +256 other locations,"Critically Rated For Promotions / Appraisal, Work Satisfaction, Salary & Benefits",3.6k Reviews,12.3k Salaries,258 Interviews,191 Jobs,256 Benefits
220,KPIT Technologies,3.0,Software Product | Pune +44 other locations,"Critically Rated For Promotions / Appraisal, Job Security, Company Culture",3.6k Reviews,22.8k Salaries,336 Interviews,52 Jobs,289 Benefits
221,Abbott,4.1,Pharma | Mumbai +211 other locations,"Highly Rated For Company Culture, Work Life Balance, Skill Development / Learning  Critically Rated For Promotions / Appraisal",3.6k Reviews,11.8k Salaries,176 Interviews,249 Jobs,361 Benefits
222,Altruist Technologies,4.4,BPO | Bangalore / Bengaluru +44 other locations,"Highly Rated For Company Culture, Work Life Balance, Work Satisfaction",3.6k Reviews,8.1k Salaries,529 Interviews,9 Jobs,83 Benefits
223,Aarti Industries,4.0,Agro Chemicals | Bharuch +58 other locations,"Highly Rated For Job Security, Work Life Balance, Company Culture  Critically Rated For Promotions / Appraisal",3.5k Reviews,14.2k Salaries,324 Interviews,2 Jobs,351 Benefits
224,Ipca Laboratories,3.9,Pharma | Mumbai +160 other locations,"Highly Rated For Job Security, Work Life Balance, Company Culture  Critically Rated For Promotions / Appraisal, Salary & Benefits",3.5k Reviews,11.4k Salaries,196 Interviews,41 Jobs,245 Benefits
225,Reliance Projects & Property Management Services,4.0,IT Services & Consulting | Kolkata +617 other locations,"Highly Rated For Work Life Balance, Job Security, Skill Development / Learning  Critically Rated For Promotions / Appraisal",3.5k Reviews,7.2k Salaries,204 Interviews,-- Jobs,20 Benefits
226,Indian Oil Corporation,4.3,Oil & Gas | New Delhi +308 other locations,"Highly Rated For Company Culture, Work Life Balance, Work Satisfaction",3.5k Reviews,7.7k Salaries,233 Interviews,-- Jobs,290 Benefits
227,MRF Tyres,3.6,Auto Components | Chennai +192 other locations,"Critically Rated For Company Culture, Work Satisfaction, Work Life Balance",3.5k Reviews,12.5k Salaries,364 Interviews,12 Jobs,345 Benefits
228,Alkem Laboratories,3.9,Pharma | Mumbai +196 other locations,Highly Rated For Salary & Benefits  Critically Rated For Promotions / Appraisal,3.5k Reviews,9.7k Salaries,191 Interviews,27 Jobs,328 Benefits
229,Reliance Digital,4.2,Retail | Mumbai +378 other locations,"Highly Rated For Skill Development / Learning, Job Security, Company Culture",3.5k Reviews,8.1k Salaries,161 Interviews,-- Jobs,241 Benefits
230,Johnson Controls,3.5,Industrial Automation | Pune +57 other locations,"Critically Rated For Promotions / Appraisal, Company Culture, Work Satisfaction",3.4k Reviews,17.3k Salaries,299 Interviews,4 Jobs,266 Benefits
231,"NTT DATA, Inc.",3.9,IT Services & Consulting | Bangalore / Bengaluru +35 other locations,"Highly Rated For Work Life Balance, Company Culture, Job Security  Critically Rated For Promotions / Appraisal",3.4k Reviews,21.2k Salaries,151 Interviews,85 Jobs,624 Benefits
232,IGT Solutions,3.2,BPO | New Delhi +47 other locations,"Critically Rated For Promotions / Appraisal, Salary & Benefits, Work Satisfaction",3.4k Reviews,13.4k Salaries,248 Interviews,67 Jobs,213 Benefits
233,Honda Motorcycle & Scooter,4.1,Automobile | Gurgaon / Gurugram +296 other locations,"Highly Rated For Job Security, Company Culture, Work Life Balance  Critically Rated For Promotions / Appraisal",3.4k Reviews,11.1k Salaries,196 Interviews,-- Jobs,348 Benefits
234,PhonePe,4.1,FinTech | Bangalore / Bengaluru +390 other locations,"Highly Rated For Salary & Benefits, Company Culture, Work Life Balance",3.4k Reviews,12.7k Salaries,399 Interviews,27 Jobs,183 Benefits
235,Vishal Mega Mart,3.7,Retail | New Delhi +376 other locations,"Highly Rated For Salary & Benefits  Critically Rated For Company Culture, Job Security",3.4k Reviews,6.1k Salaries,199 Interviews,2 Jobs,273 Benefits
236,UNO Minda,4.0,Auto Components | Pune +109 other locations,"Highly Rated For Job Security, Company Culture, Skill Development / Learning  Critically Rated For Promotions / Appraisal",3.4k Reviews,11.1k Salaries,243 Interviews,15 Jobs,279 Benefits
237,Hindustan Coca Cola Beverages,4.0,Beverage | Bangalore / Bengaluru +257 other locations,"Highly Rated For Skill Development / Learning, Salary & Benefits, Company Culture  Critically Rated For Promotions / Appraisal",3.4k Reviews,7.6k Salaries,169 Interviews,37 Jobs,377 Benefits
238,ArcelorMittal Nippon Steel,4.1,Iron & Steel | Surat +86 other locations,"Highly Rated For Job Security, Work Life Balance, Company Culture",3.3k Reviews,11.6k Salaries,267 Interviews,27 Jobs,111 Benefits
239,Ford Motor,4.2,Automobile | Chennai +130 other locations,"Highly Rated For Company Culture, Work Life Balance, Salary & Benefits",3.4k Reviews,15.1k Salaries,173 Interviews,-- Jobs,397 Benefits
240,UBS,3.9,Financial Services | Pune +19 other locations,"Highly Rated For Work Life Balance, Company Culture  Critically Rated For Promotions / Appraisal",3.3k Reviews,31.2k Salaries,368 Interviews,1 Jobs,117 Benefits
241,24/7 Customer,3.4,Software Product | Bangalore / Bengaluru +36 other locations,"Critically Rated For Promotions / Appraisal, Salary & Benefits, Work Satisfaction",3.3k Reviews,11.5k Salaries,181 Interviews,61 Jobs,406 Benefits
242,DTDC Express,3.7,Logistics | New Delhi +268 other locations,"Critically Rated For Promotions / Appraisal, Salary & Benefits",3.3k Reviews,8.5k Salaries,191 Interviews,20 Jobs,263 Benefits
243,Reliance Nippon Life Insurance,3.4,Insurance | Mumbai +482 other locations,"Critically Rated For Job Security, Company Culture, Work Satisfaction",3.3k Reviews,8.4k Salaries,162 Interviews,1 Jobs,229 Benefits
244,Ceat Tyres,3.9,Auto Components | Nagpur +141 other locations,"Highly Rated For Job Security, Company Culture, Skill Development / Learning  Critically Rated For Promotions / Appraisal, Salary & Benefits",3.3k Reviews,12.9k Salaries,206 Interviews,10 Jobs,346 Benefits
245,RSPL Group,4.0,FMCG | Kanpur +255 other locations,"Highly Rated For Job Security, Work Life Balance, Company Culture  Critically Rated For Promotions / Appraisal",3.3k Reviews,9.4k Salaries,244 Interviews,31 Jobs,293 Benefits
246,ABB,4.1,Industrial Machinery | Bangalore / Bengaluru +105 other locations,"Highly Rated For Work Life Balance, Job Security, Company Culture  Critically Rated For Promotions / Appraisal",3.3k Reviews,17.6k Salaries,282 Interviews,412 Jobs,346 Benefits
247,HARMAN,3.8,Consumer Electronics & Appliances | Bangalore / Bengaluru +42 other locations,Highly Rated For Work Life Balance  Critically Rated For Promotions / Appraisal,3.3k Reviews,24k Salaries,288 Interviews,102 Jobs,100 Benefits
248,Cloudnine Hospital,4.4,Healthcare | Bangalore / Bengaluru +46 other locations,"Highly Rated For Skill Development / Learning, Company Culture, Work Life Balance",3.3k Reviews,2.9k Salaries,971 Interviews,6 Jobs,78 Benefits
249,Indian Air Force,4.5,Defence & Aerospace | New Delhi +136 other locations,"Highly Rated For Job Security, Skill Development / Learning, Salary & Benefits",3.2k Reviews,5.3k Salaries,78 Interviews,-- Jobs,354 Benefits
250,Barclays,3.7,Banking | Pune +36 other locations,"Critically Rated For Promotions / Appraisal, Skill Development / Learning, Work Satisfaction",3.2k Reviews,30.7k Salaries,306 Interviews,-- Jobs,253 Benefits
251,AGS Health,4.0,Analytics & KPO | Chennai +60 other locations,"Highly Rated For Company Culture, Job Security, Work Life Balance  Critically Rated For Promotions / Appraisal",3.2k Reviews,14.1k Salaries,205 Interviews,23 Jobs,272 Benefits
252,NatWest Group,4.0,Banking | Gurgaon / Gurugram +29 other locations,"Highly Rated For Work Life Balance, Job Security, Company Culture  Critically Rated For Promotions / Appraisal, Salary & Benefits",3.2k Reviews,20.6k Salaries,233 Interviews,175 Jobs,362 Benefits
253,Blinkit,3.7,Internet | Gurgaon / Gurugram +142 other locations,"Highly Rated For Salary & Benefits  Critically Rated For Promotions / Appraisal, Job Security",3.2k Reviews,12.2k Salaries,306 Interviews,-- Jobs,202 Benefits
254,InterGlobe Aviation,3.5,Aviation | New Delhi +103 other locations,"Critically Rated For Promotions / Appraisal, Salary & Benefits, Work Life Balance",3.2k Reviews,13.5k Salaries,366 Interviews,102 Jobs,315 Benefits
255,TVS Credit Services Ltd,4.2,NBFC | Chennai +423 other locations,"Highly Rated For Company Culture, Salary & Benefits, Work Life Balance",3.2k Reviews,7.4k Salaries,151 Interviews,28 Jobs,196 Benefits
256,Conduent,3.4,BPO | Bangalore / Bengaluru +35 other locations,"Critically Rated For Promotions / Appraisal, Salary & Benefits, Skill Development / Learning",3.2k Reviews,16.8k Salaries,224 Interviews,266 Jobs,366 Benefits
257,Alstom Transportation,3.7,Engineering & Construction | Bangalore / Bengaluru +80 other locations,"Highly Rated For Job Security  Critically Rated For Promotions / Appraisal, Company Culture, Work Satisfaction",3.2k Reviews,14.7k Salaries,275 Interviews,366 Jobs,173 Benefits
258,Marpu Foundation,4.9,Non-Profit | Hyderabad / Secunderabad +62 other locations,"Highly Rated For Company Culture, Work Life Balance, Work Satisfaction",3.2k Reviews,61 Salaries,256 Interviews,-- Jobs,8 Benefits
259,GeBBS Healthcare Solutions,3.7,BPO | Mumbai +26 other locations,"Highly Rated For Job Security  Critically Rated For Promotions / Appraisal, Salary & Benefits",3.2k Reviews,11.2k Salaries,176 Interviews,53 Jobs,290 Benefits
260,Tata Technologies,3.5,Engineering & Construction | Pune +55 other locations,"Critically Rated For Promotions / Appraisal, Salary & Benefits, Work Satisfaction",3.2k Reviews,22.4k Salaries,304 Interviews,115 Jobs,308 Benefits
261,Croma,3.8,Retail | Mumbai +189 other locations,"Highly Rated For Work Life Balance, Job Security, Skill Development / Learning  Critically Rated For Promotions / Appraisal",3.2k Reviews,8.8k Salaries,175 Interviews,18 Jobs,186 Benefits
262,Tata AIG,4.0,Insurance | Mumbai +260 other locations,"Highly Rated For Job Security, Company Culture, Work Life Balance  Critically Rated For Promotions / Appraisal",3.1k Reviews,11.3k Salaries,186 Interviews,111 Jobs,245 Benefits
263,Max Healthcare,3.9,Healthcare | New Delhi +78 other locations,"Highly Rated For Job Security, Skill Development / Learning, Company Culture  Critically Rated For Promotions / Appraisal",3.1k Reviews,10.2k Salaries,182 Interviews,153 Jobs,276 Benefits
264,UPL,4.1,Agro Chemicals | Ankleshwar +185 other locations,"Highly Rated For Job Security, Work Life Balance, Skill Development / Learning",3.1k Reviews,11k Salaries,214 Interviews,32 Jobs,293 Benefits
265,PepsiCo,4.0,Food Processing | Hyderabad / Secunderabad +275 other locations,"Highly Rated For Company Culture, Work Life Balance, Work Satisfaction  Critically Rated For Promotions / Appraisal",3.1k Reviews,13.1k Salaries,232 Interviews,155 Jobs,244 Benefits
266,Amazon Transportation Services,4.2,Logistics | Hyderabad / Secunderabad +227 other locations,"Highly Rated For Company Culture, Salary & Benefits, Work Life Balance",3.1k Reviews,8k Salaries,250 Interviews,-- Jobs,246 Benefits
267,Titan Company,4.2,Retail | Bangalore / Bengaluru +183 other locations,"Highly Rated For Company Culture, Job Security, Work Life Balance  Critically Rated For Promotions / Appraisal",3.1k Reviews,9.5k Salaries,194 Interviews,90 Jobs,339 Benefits
268,Dilip Buildcon,3.9,Engineering & Construction | Bhopal +226 other locations,"Highly Rated For Salary & Benefits  Critically Rated For Job Security, Promotions / Appraisal",3.1k Reviews,8k Salaries,177 Interviews,16 Jobs,298 Benefits
269,Bajaj General Insurance Limited,3.8,Insurance | Pune +273 other locations,"Highly Rated For Salary & Benefits  Critically Rated For Promotions / Appraisal, Work Life Balance, Work Satisfaction",3.1k Reviews,9k Salaries,120 Interviews,35 Jobs,235 Benefits
270,Walmart,3.5,Retail | Bangalore / Bengaluru +93 other locations,"Critically Rated For Promotions / Appraisal, Work Satisfaction, Job Security",3.1k Reviews,21.9k Salaries,434 Interviews,106 Jobs,319 Benefits
271,Mankind Pharma,3.8,Pharma | New Delhi +247 other locations,Highly Rated For Salary & Benefits,3.1k Reviews,9.2k Salaries,247 Interviews,6 Jobs,246 Benefits
272,Varroc Group,3.6,Auto Components | Pune +61 other locations,"Critically Rated For Promotions / Appraisal, Job Security, Company Culture",3.1k Reviews,9.4k Salaries,215 Interviews,40 Jobs,230 Benefits
273,Future Group,4.2,Retail | Mumbai +207 other locations,"Highly Rated For Company Culture, Work Life Balance, Skill Development / Learning",3.1k Reviews,6.8k Salaries,82 Interviews,-- Jobs,423 Benefits
274,S&P Global,4.0,Analytics & KPO | Hyderabad / Secunderabad +47 other locations,"Highly Rated For Company Culture, Work Life Balance  Critically Rated For Promotions / Appraisal",3k Reviews,20.1k Salaries,324 Interviews,221 Jobs,212 Benefits
275,MSN Laboratories,3.6,Pharma | Hyderabad / Secunderabad +104 other locations,"Highly Rated For Job Security  Critically Rated For Company Culture, Work Satisfaction, Work Life Balance",3k Reviews,9.4k Salaries,166 Interviews,32 Jobs,155 Benefits
276,Jindal Stainless,4.2,Iron & Steel | Jajpur +76 other locations,"Highly Rated For Job Security, Work Life Balance, Skill Development / Learning",3k Reviews,11.2k Salaries,305 Interviews,3 Jobs,186 Benefits
277,Afcons Infrastructure,4.2,Engineering & Construction | Mumbai +121 other locations,"Highly Rated For Job Security, Skill Development / Learning, Salary & Benefits",3k Reviews,8.4k Salaries,261 Interviews,32 Jobs,309 Benefits
278,Societe Generale Global Solution Centre,3.6,IT Services & Consulting | Bangalore / Bengaluru +24 other locations,"Highly Rated For Work Life Balance, Job Security  Critically Rated For Promotions / Appraisal, Salary & Benefits, Work Satisfaction",3k Reviews,22.6k Salaries,292 Interviews,136 Jobs,293 Benefits
279,Torrent Pharmaceuticals,4.0,Pharma | Ahmedabad +129 other locations,"Highly Rated For Job Security, Work Life Balance, Company Culture  Critically Rated For Promotions / Appraisal, Salary & Benefits",3k Reviews,10.2k Salaries,159 Interviews,25 Jobs,310 Benefits
280,Quest Global,3.5,IT Services & Consulting | Bangalore / Bengaluru +47 other locations,"Critically Rated For Promotions / Appraisal, Salary & Benefits, Work Satisfaction",3k Reviews,20.9k Salaries,351 Interviews,104 Jobs,190 Benefits
281,CMS IT Services,3.1,IT Services & Consulting | Mumbai +152 other locations,"Critically Rated For Promotions / Appraisal, Salary & Benefits, Company Culture",3k Reviews,9.4k Salaries,154 Interviews,49 Jobs,193 Benefits
282,Niva Bupa Health Insurance Company,4.0,Insurance | New Delhi +300 other locations,"Highly Rated For Work Life Balance, Job Security, Skill Development / Learning",3k Reviews,8.2k Salaries,304 Interviews,112 Jobs,119 Benefits
283,Square Yards,3.6,Internet | Gurgaon / Gurugram +51 other locations,"Critically Rated For Work Satisfaction, Job Security",2.9k Reviews,9.1k Salaries,224 Interviews,61 Jobs,232 Benefits
284,ACC,3.9,Building Material | Mumbai +272 other locations,"Critically Rated For Promotions / Appraisal, Job Security",2.9k Reviews,9.2k Salaries,232 Interviews,2 Jobs,270 Benefits
285,I Process Services,3.8,Recruitment | Mumbai +405 other locations,"Highly Rated For Company Culture, Work Life Balance  Critically Rated For Promotions / Appraisal, Salary & Benefits",2.9k Reviews,5.3k Salaries,129 Interviews,2 Jobs,127 Benefits
286,HDFC Sales,3.9,Financial Services | Mumbai +345 other locations,"Highly Rated For Skill Development / Learning, Company Culture, Work Life Balance  Critically Rated For Promotions / Appraisal, Salary & Benefits",2.9k Reviews,8.3k Salaries,189 Interviews,7 Jobs,190 Benefits
287,IDFC FIRST Bharat,4.2,Financial Services | Chennai +420 other locations,"Highly Rated For Salary & Benefits, Company Culture, Work Life Balance",2.9k Reviews,4.9k Salaries,142 Interviews,10 Jobs,70 Benefits
288,Zensar Technologies,3.7,IT Services & Consulting | Pune +28 other locations,"Highly Rated For Work Life Balance  Critically Rated For Promotions / Appraisal, Job Security, Salary & Benefits",2.9k Reviews,25.7k Salaries,273 Interviews,394 Jobs,243 Benefits
289,Shoppers Stop,4.0,Retail | Mumbai +83 other locations,"Highly Rated For Company Culture, Work Life Balance, Job Security  Critically Rated For Promotions / Appraisal",2.9k Reviews,6.9k Salaries,137 Interviews,6 Jobs,320 Benefits
290,DS Group,4.1,FMCG | Noida +280 other locations,"Highly Rated For Work Life Balance, Company Culture, Job Security  Critically Rated For Promotions / Appraisal",2.9k Reviews,6.9k Salaries,208 Interviews,52 Jobs,207 Benefits
291,Suzlon Group,4.0,Power | Pune +142 other locations,"Highly Rated For Job Security, Skill Development / Learning, Company Culture  Critically Rated For Promotions / Appraisal, Salary & Benefits",2.9k Reviews,7.7k Salaries,161 Interviews,19 Jobs,322 Benefits
292,ESAF Small Finance Bank,3.6,Banking | Thrissur +436 other locations,"Critically Rated For Promotions / Appraisal, Work Satisfaction, Company Culture",2.9k Reviews,7.3k Salaries,158 Interviews,40 Jobs,104 Benefits
293,Fujitsu,3.8,IT Services & Consulting | Pune +41 other locations,"Highly Rated For Work Life Balance, Company Culture  Critically Rated For Promotions / Appraisal",2.9k Reviews,17.2k Salaries,210 Interviews,150 Jobs,190 Benefits
294,Tata Elxsi,3.5,IT Services & Consulting | Bangalore / Bengaluru +30 other locations,"Critically Rated For Promotions / Appraisal, Salary & Benefits, Work Satisfaction",2.9k Reviews,22.4k Salaries,336 Interviews,20 Jobs,202 Benefits
295,Eternal Limited,3.6,Internet | Gurgaon / Gurugram +218 other locations,"Critically Rated For Job Security, Promotions / Appraisal, Work Life Balance",2.9k Reviews,14.2k Salaries,356 Interviews,8 Jobs,218 Benefits
296,Apollo Tyres,4.0,Auto Components | Chennai +181 other locations,"Highly Rated For Company Culture, Work Life Balance, Job Security  Critically Rated For Promotions / Appraisal",2.8k Reviews,9.8k Salaries,148 Interviews,-- Jobs,320 Benefits
297,Nokia,4.0,Telecom | Bangalore / Bengaluru +166 other locations,"Highly Rated For Work Life Balance, Company Culture, Work Satisfaction  Critically Rated For Promotions / Appraisal",2.8k Reviews,16.2k Salaries,309 Interviews,274 Jobs,537 Benefits
298,Ola Electric Mobility,3.3,Automobile | Bangalore / Bengaluru +415 other locations,"Critically Rated For Job Security, Company Culture, Promotions / Appraisal",2.8k Reviews,9.1k Salaries,285 Interviews,-- Jobs,76 Benefits
299,VVDN Technologies,3.6,IT Services & Consulting | Gurgaon / Gurugram +49 other locations,"Critically Rated For Promotions / Appraisal, Salary & Benefits, Company Culture",2.8k Reviews,13.5k Salaries,252 Interviews,20 Jobs,127 Benefits
300,Indus Towers,3.6,Telecom | Gurgaon / Gurugram +237 other locations,"Critically Rated For Promotions / Appraisal, Job Security, Work Life Balance",2.8k Reviews,8.9k Salaries,220 Interviews,20 Jobs,202 Benefits
301,Sagility,3.9,BPO | Bangalore / Bengaluru +27 other locations,"Highly Rated For Job Security, Company Culture, Work Life Balance  Critically Rated For Salary & Benefits, Promotions / Appraisal",2.8k Reviews,11.2k Salaries,231 Interviews,61 Jobs,35 Benefits
302,Yazaki,3.9,Auto Components | Pune +93 other locations,"Highly Rated For Job Security, Skill Development / Learning  Critically Rated For Promotions / Appraisal",2.8k Reviews,8.9k Salaries,174 Interviews,2 Jobs,253 Benefits
303,IKS Health,3.5,Healthcare | Mumbai +31 other locations,"Critically Rated For Promotions / Appraisal, Salary & Benefits, Work Satisfaction",2.8k Reviews,11.2k Salaries,259 Interviews,31 Jobs,225 Benefits
304,UnitedHealth,4.0,Healthcare | Hyderabad / Secunderabad +17 other locations,"Highly Rated For Job Security, Work Life Balance, Company Culture  Critically Rated For Promotions / Appraisal, Salary & Benefits",2.8k Reviews,14.6k Salaries,84 Interviews,-- Jobs,432 Benefits
305,Bharat Financial Inclusion,3.7,Financial Services | Hyderabad / Secunderabad +489 other locations,"Highly Rated For Salary & Benefits  Critically Rated For Work Satisfaction, Promotions / Appraisal",2.8k Reviews,5k Salaries,114 Interviews,1 Jobs,174 Benefits
306,Fiserv,2.9,FinTech | Pune +32 other locations,"Critically Rated For Promotions / Appraisal, Company Culture, Work Satisfaction",2.8k Reviews,17.6k Salaries,193 Interviews,1 Jobs,311 Benefits
307,Landmark Group,3.8,Retail | Bangalore / Bengaluru +172 other locations,Highly Rated For Job Security  Critically Rated For Promotions / Appraisal,2.8k Reviews,9.2k Salaries,172 Interviews,8 Jobs,267 Benefits
308,Shree Cement,3.8,Building Material | Beawar +255 other locations,"Critically Rated For Promotions / Appraisal, Job Security",2.7k Reviews,9.7k Salaries,201 Interviews,2 Jobs,214 Benefits
309,Britannia,4.0,FMCG | Pune +297 other locations,"Highly Rated For Job Security, Skill Development / Learning  Critically Rated For Promotions / Appraisal",2.7k Reviews,8.2k Salaries,214 Interviews,2 Jobs,248 Benefits
310,SRF,4.1,Chemicals | Bharuch +67 other locations,"Highly Rated For Job Security, Salary & Benefits, Company Culture  Critically Rated For Promotions / Appraisal",2.7k Reviews,8.8k Salaries,208 Interviews,12 Jobs,250 Benefits
311,Blue Dart Express Ltd,3.9,Logistics | Mumbai +278 other locations,"Highly Rated For Job Security, Company Culture  Critically Rated For Promotions / Appraisal",2.7k Reviews,6.8k Salaries,122 Interviews,3 Jobs,233 Benefits
312,Whitehat jr,3.3,EdTech | Mumbai +49 other locations,"Critically Rated For Job Security, Promotions / Appraisal, Company Culture",2.7k Reviews,9.5k Salaries,265 Interviews,-- Jobs,944 Benefits
313,Kansai Nerolac Paints,3.8,Chemicals | Mumbai +253 other locations,Critically Rated For Promotions / Appraisal,2.7k Reviews,7.8k Salaries,184 Interviews,63 Jobs,189 Benefits
314,Exide Industries,3.4,Auto Components | Kolkata +198 other locations,"Critically Rated For Promotions / Appraisal, Company Culture, Work Satisfaction",2.7k Reviews,8.4k Salaries,208 Interviews,53 Jobs,242 Benefits
315,Shell,3.9,Oil & Gas | Bangalore / Bengaluru +90 other locations,"Highly Rated For Work Life Balance, Company Culture, Salary & Benefits  Critically Rated For Promotions / Appraisal, Job Security",2.7k Reviews,13.7k Salaries,228 Interviews,6 Jobs,257 Benefits
316,Flex,3.9,Electronics Manufacturing | Chennai +46 other locations,"Highly Rated For Company Culture, Work Life Balance, Work Satisfaction  Critically Rated For Promotions / Appraisal, Salary & Benefits",2.7k Reviews,15.8k Salaries,210 Interviews,38 Jobs,439 Benefits
317,Capita,3.5,BPO | Pune +32 other locations,"Critically Rated For Promotions / Appraisal, Salary & Benefits, Job Security",2.7k Reviews,12.9k Salaries,162 Interviews,56 Jobs,330 Benefits
318,Dalmia Bharat Cement,3.9,Building Material | Guwahati +249 other locations,"Highly Rated For Job Security, Salary & Benefits  Critically Rated For Promotions / Appraisal",2.7k Reviews,8.5k Salaries,187 Interviews,2 Jobs,237 Benefits
319,ElasticRun,3.6,Logistics | Pune +390 other locations,"Critically Rated For Job Security, Promotions / Appraisal, Work Life Balance",2.7k Reviews,6k Salaries,271 Interviews,8 Jobs,224 Benefits
320,Micro Labs,3.6,Pharma | Bangalore / Bengaluru +150 other locations,"Highly Rated For Job Security  Critically Rated For Promotions / Appraisal, Salary & Benefits, Company Culture",2.7k Reviews,9.7k Salaries,150 Interviews,12 Jobs,205 Benefits
321,Nestlé,3.8,FMCG | Gurgaon / Gurugram +278 other locations,Highly Rated For Salary & Benefits  Critically Rated For Promotions / Appraisal,2.6k Reviews,9.7k Salaries,275 Interviews,14 Jobs,319 Benefits
322,TVS Supply Chain Solutions,3.8,Logistics | Chennai +152 other locations,"Critically Rated For Promotions / Appraisal, Salary & Benefits",2.6k Reviews,8.4k Salaries,151 Interviews,13 Jobs,190 Benefits
323,Zepto,3.5,Internet | Bangalore / Bengaluru +100 other locations,"Critically Rated For Job Security, Promotions / Appraisal, Company Culture",2.6k Reviews,8.7k Salaries,430 Interviews,36 Jobs,28 Benefits
324,KFintech,3.4,Financial Services | Hyderabad / Secunderabad +113 other locations,"Critically Rated For Promotions / Appraisal, Salary & Benefits, Skill Development / Learning",2.6k Reviews,11k Salaries,167 Interviews,5 Jobs,47 Benefits
325,KPMG Global Services,3.5,Management Consulting | Bangalore / Bengaluru +37 other locations,"Critically Rated For Promotions / Appraisal, Work Satisfaction, Salary & Benefits",2.6k Reviews,23.8k Salaries,248 Interviews,3 Jobs,6 Benefits
326,G4S,4.0,Law Enforcement & Security | Gurgaon / Gurugram +162 other locations,"Highly Rated For Work Life Balance, Salary & Benefits, Company Culture  Critically Rated For Promotions / Appraisal",2.6k Reviews,5k Salaries,126 Interviews,527 Jobs,235 Benefits
327,ZS,3.1,Management Consulting | Pune +16 other locations,"Critically Rated For Work Life Balance, Work Satisfaction, Promotions / Appraisal",2.6k Reviews,19.8k Salaries,508 Interviews,148 Jobs,261 Benefits
328,Star Health & Allied Insurance,3.5,Insurance | Chennai +326 other locations,"Critically Rated For Promotions / Appraisal, Company Culture, Work Satisfaction",2.6k Reviews,9.8k Salaries,152 Interviews,29 Jobs,164 Benefits
329,Voltas,4.0,Consumer Electronics & Appliances | Mumbai +204 other locations,"Highly Rated For Job Security, Work Life Balance, Company Culture  Critically Rated For Promotions / Appraisal",2.6k Reviews,8.5k Salaries,173 Interviews,20 Jobs,258 Benefits
330,BlackBuck,3.7,Internet | Bangalore / Bengaluru +365 other locations,"Critically Rated For Job Security, Promotions / Appraisal",2.6k Reviews,6.4k Salaries,208 Interviews,16 Jobs,245 Benefits
331,Sahrudaya Healthcare (Medicover Hospitals),4.4,Healthcare | Hyderabad / Secunderabad +45 other locations,"Highly Rated For Company Culture, Work Life Balance, Work Satisfaction",2.6k Reviews,3.4k Salaries,141 Interviews,31 Jobs,36 Benefits
332,Sonalika Tractors,3.6,Automobile | Hoshiarpur +191 other locations,"Critically Rated For Company Culture, Promotions / Appraisal, Work Life Balance",2.6k Reviews,8.8k Salaries,160 Interviews,-- Jobs,173 Benefits
333,Ajanta Pharma,3.9,Pharma | Mumbai +118 other locations,Highly Rated For Job Security  Critically Rated For Promotions / Appraisal,2.6k Reviews,8.8k Salaries,156 Interviews,29 Jobs,214 Benefits
334,Blue Star,4.1,Consumer Electronics & Appliances | Mumbai +147 other locations,"Highly Rated For Company Culture, Skill Development / Learning, Salary & Benefits  Critically Rated For Promotions / Appraisal",2.6k Reviews,9.6k Salaries,193 Interviews,14 Jobs,240 Benefits
335,"Maruti Suzuki India Limited, Hansalpur",4.2,Automobile | Ahmedabad +119 other locations,"Highly Rated For Job Security, Company Culture, Salary & Benefits",2.6k Reviews,7.9k Salaries,220 Interviews,3 Jobs,186 Benefits
336,Care Health Insurance,3.5,Insurance | Gurgaon / Gurugram +242 other locations,"Critically Rated For Promotions / Appraisal, Salary & Benefits, Company Culture",2.6k Reviews,8.5k Salaries,153 Interviews,53 Jobs,166 Benefits
337,Domino's Pizza,3.9,Hospitality | New Delhi +246 other locations,"Highly Rated For Skill Development / Learning, Salary & Benefits",2.5k Reviews,4.1k Salaries,115 Interviews,-- Jobs,392 Benefits
338,ACT Fibernet,3.9,Telecom | Hyderabad / Secunderabad +56 other locations,"Highly Rated For Company Culture, Job Security  Critically Rated For Promotions / Appraisal",2.5k Reviews,7.6k Salaries,158 Interviews,111 Jobs,255 Benefits
339,GATI-KWE,3.9,Logistics | Hyderabad / Secunderabad +162 other locations,"Highly Rated For Work Life Balance, Skill Development / Learning  Critically Rated For Promotions / Appraisal",2.5k Reviews,4.9k Salaries,99 Interviews,7 Jobs,289 Benefits
340,Tata Electronics,3.9,Semiconductors | Hosur +48 other locations,"Highly Rated For Job Security  Critically Rated For Promotions / Appraisal, Salary & Benefits",2.5k Reviews,10.4k Salaries,238 Interviews,26 Jobs,61 Benefits
341,Fortis Healthcare,4.0,Healthcare | New Delhi +69 other locations,"Highly Rated For Job Security, Skill Development / Learning, Company Culture  Critically Rated For Promotions / Appraisal",2.5k Reviews,7.4k Salaries,181 Interviews,771 Jobs,138 Benefits
342,NoBroker,3.0,Internet | Bangalore / Bengaluru +49 other locations,"Critically Rated For Work Satisfaction, Job Security, Promotions / Appraisal",2.5k Reviews,10.4k Salaries,276 Interviews,344 Jobs,352 Benefits
343,Exl India,3.5,Logistics | New Delhi +43 other locations,"Highly Rated For Job Security  Critically Rated For Promotions / Appraisal, Salary & Benefits, Skill Development / Learning",2.5k Reviews,14.7k Salaries,123 Interviews,1 Jobs,163 Benefits
344,Gallagher,3.7,Insurance | Bangalore / Bengaluru +28 other locations,"Highly Rated For Work Life Balance, Company Culture, Job Security  Critically Rated For Promotions / Appraisal, Salary & Benefits",2.5k Reviews,13.8k Salaries,262 Interviews,152 Jobs,120 Benefits
345,Bajaj Electricals,3.9,Consumer Electronics & Appliances | Mumbai +233 other locations,"Highly Rated For Work Life Balance, Salary & Benefits  Critically Rated For Promotions / Appraisal",2.5k Reviews,7.4k Salaries,146 Interviews,19 Jobs,289 Benefits
346,Sterlite Technologies,3.8,Hardware & Networking | Aurangabad +101 other locations,"Critically Rated For Promotions / Appraisal, Job Security",2.5k Reviews,10.1k Salaries,180 Interviews,126 Jobs,208 Benefits
347,Movate,3.1,IT Services & Consulting | Chennai +38 other locations,"Critically Rated For Promotions / Appraisal, Salary & Benefits, Company Culture",2.5k Reviews,14.7k Salaries,287 Interviews,82 Jobs,2 Benefits
348,Adani Power,3.7,Power | Mundra +127 other locations,"Critically Rated For Promotions / Appraisal, Company Culture",2.5k Reviews,9.3k Salaries,296 Interviews,-- Jobs,162 Benefits
349,Sammaan Capital Limited,3.8,NBFC | Gurgaon / Gurugram +201 other locations,Highly Rated For Work Life Balance  Critically Rated For Promotions / Appraisal,2.5k Reviews,5.9k Salaries,111 Interviews,4 Jobs,118 Benefits
350,Foundever,3.4,BPO | Hyderabad / Secunderabad +23 other locations,"Critically Rated For Promotions / Appraisal, Salary & Benefits, Skill Development / Learning",2.5k Reviews,8.6k Salaries,172 Interviews,75 Jobs,199 Benefits
351,Alldigi Tech,3.9,BPO | Chennai +36 other locations,"Highly Rated For Work Life Balance, Job Security  Critically Rated For Promotions / Appraisal",2.5k Reviews,7.5k Salaries,229 Interviews,20 Jobs,112 Benefits
352,DBS Bank,3.7,Banking | Hyderabad / Secunderabad +175 other locations,"Highly Rated For Salary & Benefits  Critically Rated For Promotions / Appraisal, Work Satisfaction",2.5k Reviews,12.8k Salaries,190 Interviews,321 Jobs,192 Benefits
353,V-Mart,4.1,Retail | Gurgaon / Gurugram +284 other locations,"Highly Rated For Skill Development / Learning, Job Security, Company Culture",2.5k Reviews,4.6k Salaries,188 Interviews,13 Jobs,210 Benefits
354,Himalaya Wellness,4.0,Pharma | Bangalore / Bengaluru +236 other locations,"Highly Rated For Work Life Balance, Company Culture  Critically Rated For Promotions / Appraisal",2.5k Reviews,6.1k Salaries,143 Interviews,23 Jobs,255 Benefits
355,Tractors and Farm Equipment,3.9,Industrial Machinery | Chennai +191 other locations,"Highly Rated For Work Life Balance, Skill Development / Learning  Critically Rated For Promotions / Appraisal",2.5k Reviews,8.3k Salaries,129 Interviews,19 Jobs,274 Benefits
356,BT Group,3.8,Telecom | Gurgaon / Gurugram +23 other locations,"Highly Rated For Work Life Balance, Company Culture  Critically Rated For Promotions / Appraisal, Skill Development / Learning, Salary & Benefits",2.5k Reviews,11.3k Salaries,223 Interviews,22 Jobs,264 Benefits
357,Tata Advanced Systems,3.7,Defence & Aerospace | Bangalore / Bengaluru +55 other locations,"Highly Rated For Job Security  Critically Rated For Promotions / Appraisal, Salary & Benefits",2.5k Reviews,12.5k Salaries,178 Interviews,-- Jobs,132 Benefits
358,Parle Agro,4.0,Beverage | Mumbai +255 other locations,"Highly Rated For Work Life Balance, Job Security  Critically Rated For Promotions / Appraisal",2.4k Reviews,6.5k Salaries,141 Interviews,3 Jobs,212 Benefits
359,JCB,3.9,Industrial Machinery | Pune +113 other locations,"Highly Rated For Work Life Balance, Salary & Benefits  Critically Rated For Promotions / Appraisal",2.4k Reviews,9.5k Salaries,159 Interviews,-- Jobs,233 Benefits
360,Patanjali Ayurved,3.9,FMCG | Haridwar +300 other locations,Highly Rated For Work Life Balance  Critically Rated For Promotions / Appraisal,2.4k Reviews,5.7k Salaries,133 Interviews,-- Jobs,248 Benefits
361,Statestreet HCL Services,3.4,BPO | Chennai +18 other locations,"Critically Rated For Promotions / Appraisal, Salary & Benefits, Company Culture",2.4k Reviews,13.8k Salaries,219 Interviews,-- Jobs,201 Benefits
362,IntouchCX,2.7,BPO | Hyderabad / Secunderabad +22 other locations,"Critically Rated For Promotions / Appraisal, Job Security, Company Culture",2.4k Reviews,9.8k Salaries,227 Interviews,221 Jobs,145 Benefits
363,Paras Hospital,4.1,Healthcare | Patna +62 other locations,"Highly Rated For Skill Development / Learning, Work Life Balance, Salary & Benefits",2.4k Reviews,3.1k Salaries,98 Interviews,43 Jobs,126 Benefits
364,Foxconn,3.9,Electronics Manufacturing | Chennai +59 other locations,Highly Rated For Job Security  Critically Rated For Promotions / Appraisal,2.4k Reviews,10k Salaries,219 Interviews,14 Jobs,170 Benefits
365,McDonald's,3.9,Hospitality | New Delhi +147 other locations,"Highly Rated For Skill Development / Learning, Company Culture, Job Security  Critically Rated For Salary & Benefits",2.4k Reviews,5k Salaries,147 Interviews,-- Jobs,410 Benefits
366,Laurus Labs,4.3,Pharma | Visakhapatnam +33 other locations,"Highly Rated For Job Security, Salary & Benefits, Company Culture",2.4k Reviews,7.2k Salaries,149 Interviews,10 Jobs,207 Benefits
367,Physicswallah,3.6,EdTech | Noida +121 other locations,"Critically Rated For Promotions / Appraisal, Job Security, Work Satisfaction",2.4k Reviews,7.8k Salaries,259 Interviews,80 Jobs,20 Benefits
368,ICICI Securities,3.9,Financial Services | Mumbai +148 other locations,"Highly Rated For Job Security, Work Life Balance, Company Culture",2.4k Reviews,9.7k Salaries,187 Interviews,3 Jobs,184 Benefits
369,Mahindra Holidays & Resorts,3.5,Hospitality | Mumbai +112 other locations,"Critically Rated For Promotions / Appraisal, Work Life Balance, Work Satisfaction",2.4k Reviews,5.9k Salaries,122 Interviews,64 Jobs,202 Benefits
370,Photon Interactive,4.1,IT Services & Consulting | Chennai +18 other locations,"Highly Rated For Skill Development / Learning, Salary & Benefits, Company Culture",2.4k Reviews,7.3k Salaries,129 Interviews,868 Jobs,123 Benefits
371,Emcure Pharmaceuticals,3.7,Pharma | Pune +113 other locations,"Critically Rated For Promotions / Appraisal, Job Security, Company Culture",2.4k Reviews,8.3k Salaries,121 Interviews,34 Jobs,233 Benefits
372,Biocon Limited,4.0,Biotechnology | Bangalore / Bengaluru +66 other locations,"Highly Rated For Work Life Balance, Job Security, Company Culture  Critically Rated For Promotions / Appraisal",2.4k Reviews,11.7k Salaries,180 Interviews,20 Jobs,2 Benefits
373,Canara HSBC Life Insurance,3.6,Insurance | Gurgaon / Gurugram +312 other locations,"Critically Rated For Company Culture, Work Satisfaction, Job Security",2.4k Reviews,6.4k Salaries,129 Interviews,4 Jobs,168 Benefits
374,Mahindra Rural Housing Finance,4.0,NBFC | Mumbai +460 other locations,"Highly Rated For Work Life Balance, Company Culture  Critically Rated For Promotions / Appraisal",2.4k Reviews,4.6k Salaries,102 Interviews,2 Jobs,180 Benefits
375,Planet Spark,3.9,EdTech | Gurgaon / Gurugram +62 other locations,"Highly Rated For Skill Development / Learning, Company Culture, Work Life Balance",2.4k Reviews,3.4k Salaries,576 Interviews,65 Jobs,191 Benefits
376,Datamatics Global Services,3.3,IT Services & Consulting | Mumbai +36 other locations,"Critically Rated For Promotions / Appraisal, Salary & Benefits, Work Satisfaction",2.4k Reviews,11.7k Salaries,180 Interviews,58 Jobs,183 Benefits
377,Intellect Design Arena,3.6,Software Product | Chennai +40 other locations,"Highly Rated For Job Security  Critically Rated For Promotions / Appraisal, Company Culture, Work Life Balance",2.4k Reviews,13.4k Salaries,180 Interviews,31 Jobs,118 Benefits
378,Aditya Birla Capital,3.8,NBFC | Mumbai +285 other locations,Highly Rated For Work Life Balance  Critically Rated For Promotions / Appraisal,2.4k Reviews,9.7k Salaries,197 Interviews,-- Jobs,164 Benefits
379,Axis Direct,3.6,Financial Services | Mumbai +269 other locations,"Critically Rated For Promotions / Appraisal, Work Satisfaction, Skill Development / Learning",2.4k Reviews,4.7k Salaries,86 Interviews,40 Jobs,226 Benefits
380,Taj Hotels Resorts and Palaces,4.2,Hospitality | Mumbai +109 other locations,"Highly Rated For Job Security, Company Culture, Skill Development / Learning",2.4k Reviews,4.8k Salaries,151 Interviews,181 Jobs,178 Benefits
381,Hero FinCorp,3.9,NBFC | New Delhi +390 other locations,"Highly Rated For Work Life Balance, Company Culture  Critically Rated For Promotions / Appraisal",2.4k Reviews,5.6k Salaries,113 Interviews,30 Jobs,129 Benefits
382,3i Infotech,3.4,IT Services & Consulting | Mumbai +127 other locations,"Critically Rated For Promotions / Appraisal, Salary & Benefits, Skill Development / Learning",2.3k Reviews,10.6k Salaries,161 Interviews,21 Jobs,149 Benefits
383,Capgemini Engineering,3.4,IT Services & Consulting | Bangalore / Bengaluru +27 other locations,"Critically Rated For Promotions / Appraisal, Salary & Benefits, Work Satisfaction",2.3k Reviews,14.6k Salaries,394 Interviews,1 Jobs,139 Benefits
384,Cadila Pharmaceuticals,3.3,Pharma | Ahmedabad +134 other locations,"Critically Rated For Job Security, Promotions / Appraisal, Company Culture",2.3k Reviews,7.8k Salaries,153 Interviews,217 Jobs,167 Benefits
385,Info Edge,4.0,Internet | Noida +69 other locations,"Highly Rated For Job Security, Company Culture, Work Life Balance  Critically Rated For Promotions / Appraisal",2.3k Reviews,10.9k Salaries,373 Interviews,306 Jobs,299 Benefits
386,Cholamandalam MS General Insurance,3.7,Insurance | Chennai +385 other locations,"Critically Rated For Promotions / Appraisal, Work Satisfaction",2.3k Reviews,5.9k Salaries,114 Interviews,-- Jobs,166 Benefits
387,KocharTech,3.7,IT Services & Consulting | Kolkata +26 other locations,"Critically Rated For Promotions / Appraisal, Salary & Benefits",2.3k Reviews,3.7k Salaries,79 Interviews,55 Jobs,582 Benefits
388,Syngene International,3.9,Clinical Research | Bangalore / Bengaluru +21 other locations,"Highly Rated For Work Life Balance, Job Security, Company Culture  Critically Rated For Promotions / Appraisal",2.3k Reviews,12.5k Salaries,186 Interviews,3 Jobs,217 Benefits
389,Aditya Birla Group,4.1,Metals & Mining | Mumbai +263 other locations,"Highly Rated For Job Security, Work Life Balance, Skill Development / Learning",2.3k Reviews,9.9k Salaries,233 Interviews,3 Jobs,248 Benefits
390,Adani Group,3.8,Power | Ahmedabad +186 other locations,Highly Rated For Salary & Benefits  Critically Rated For Promotions / Appraisal,2.3k Reviews,10.7k Salaries,273 Interviews,1.9k Jobs,101 Benefits
391,Delhi Public School,3.8,Education & Training | New Delhi +272 other locations,Highly Rated For Skill Development / Learning,2.3k Reviews,5.3k Salaries,151 Interviews,171 Jobs,258 Benefits
392,Cybage,3.8,IT Services & Consulting | Pune +15 other locations,"Highly Rated For Work Life Balance, Company Culture, Job Security  Critically Rated For Promotions / Appraisal, Work Satisfaction, Skill Development / Learning",2.3k Reviews,17.3k Salaries,212 Interviews,44 Jobs,268 Benefits
393,Bureau Veritas,3.8,Other | Mumbai +143 other locations,"Highly Rated For Work Life Balance  Critically Rated For Promotions / Appraisal, Salary & Benefits",2.3k Reviews,8.1k Salaries,140 Interviews,18 Jobs,176 Benefits
394,Xoriant,4.1,IT Services & Consulting | Pune +23 other locations,"Highly Rated For Work Life Balance, Company Culture, Work Satisfaction",2.3k Reviews,11.6k Salaries,231 Interviews,23 Jobs,413 Benefits
395,Lifestyle,4.3,Retail | Bangalore / Bengaluru +129 other locations,"Highly Rated For Job Security, Company Culture, Work Life Balance",2.3k Reviews,6.6k Salaries,80 Interviews,17 Jobs,278 Benefits
396,Akums Drugs & Pharmaceuticals Limited,4.2,Pharma | Haridwar +37 other locations,"Highly Rated For Job Security, Skill Development / Learning, Company Culture",2.3k Reviews,6.2k Salaries,325 Interviews,18 Jobs,147 Benefits
397,Aavas Financiers,3.9,NBFC | Jaipur +290 other locations,Highly Rated For Skill Development / Learning,2.3k Reviews,5.7k Salaries,113 Interviews,58 Jobs,138 Benefits
398,Eureka Forbes,3.6,Consumer Electronics & Appliances | Mumbai +184 other locations,"Critically Rated For Promotions / Appraisal, Job Security, Company Culture",2.3k Reviews,5.4k Salaries,89 Interviews,1 Jobs,227 Benefits
399,GVK Emergency Management and Research Institute,3.6,Non-Profit | Lucknow +212 other locations,"Critically Rated For Promotions / Appraisal, Job Security, Salary & Benefits",2.3k Reviews,4.5k Salaries,113 Interviews,28 Jobs,176 Benefits
400,Straive,3.3,IT Services & Consulting | Chennai +31 other locations,"Critically Rated For Promotions / Appraisal, Salary & Benefits, Skill Development / Learning",2.3k Reviews,10k Salaries,219 Interviews,86 Jobs,122 Benefits
401,RMSI,3.6,IT Services & Consulting | Hyderabad / Secunderabad +24 other locations,"Critically Rated For Promotions / Appraisal, Salary & Benefits, Skill Development / Learning",2.3k Reviews,8.4k Salaries,187 Interviews,10 Jobs,184 Benefits
402,Sopra Steria,3.9,IT Services & Consulting | Noida +20 other locations,"Highly Rated For Work Life Balance, Company Culture, Job Security  Critically Rated For Promotions / Appraisal",2.3k Reviews,13.8k Salaries,181 Interviews,116 Jobs,240 Benefits
403,Kia India,3.9,Automobile | Anantapur +184 other locations,"Highly Rated For Job Security, Skill Development / Learning  Critically Rated For Promotions / Appraisal",2.3k Reviews,8k Salaries,171 Interviews,90 Jobs,165 Benefits
404,Sobha,3.8,Real Estate | Bangalore / Bengaluru +37 other locations,"Highly Rated For Job Security  Critically Rated For Promotions / Appraisal, Work Life Balance, Salary & Benefits",2.3k Reviews,8.3k Salaries,160 Interviews,57 Jobs,220 Benefits
405,CorroHealth infotech,3.7,Analytics & KPO | Hyderabad / Secunderabad +31 other locations,Highly Rated For Salary & Benefits,2.2k Reviews,7.1k Salaries,247 Interviews,99 Jobs,9 Benefits
406,Unacademy,2.9,EdTech | Bangalore / Bengaluru +72 other locations,"Critically Rated For Job Security, Promotions / Appraisal, Company Culture",2.2k Reviews,10.4k Salaries,230 Interviews,31 Jobs,153 Benefits
407,Radisson Hotels,4.0,Hospitality | New Delhi +125 other locations,"Highly Rated For Job Security, Skill Development / Learning, Company Culture",2.2k Reviews,5.2k Salaries,97 Interviews,296 Jobs,312 Benefits
408,Apollo Pharmacy,3.7,Pharma | Hyderabad / Secunderabad +279 other locations,"Highly Rated For Job Security  Critically Rated For Promotions / Appraisal, Salary & Benefits, Work Satisfaction",2.2k Reviews,7k Salaries,172 Interviews,1k Jobs,128 Benefits
409,Myntra,3.9,Internet | Bangalore / Bengaluru +104 other locations,"Highly Rated For Company Culture, Work Life Balance, Skill Development / Learning  Critically Rated For Promotions / Appraisal",2.2k Reviews,10.2k Salaries,262 Interviews,61 Jobs,305 Benefits
410,TaskUs,3.1,BPO | Indore +35 other locations,"Critically Rated For Promotions / Appraisal, Job Security, Skill Development / Learning",2.2k Reviews,9.1k Salaries,215 Interviews,140 Jobs,116 Benefits
411,Lava International,3.9,Consumer Electronics & Appliances | Noida +222 other locations,"Highly Rated For Company Culture, Work Life Balance, Skill Development / Learning  Critically Rated For Promotions / Appraisal",2.2k Reviews,4.3k Salaries,80 Interviews,1 Jobs,302 Benefits
412,Panasonic Life Solutions India,3.9,Consumer Electronics & Appliances | Haridwar +168 other locations,"Highly Rated For Work Life Balance, Company Culture, Job Security  Critically Rated For Promotions / Appraisal",2.2k Reviews,6.4k Salaries,94 Interviews,10 Jobs,105 Benefits
413,TCE,3.8,Engineering & Construction | Mumbai +131 other locations,"Highly Rated For Job Security, Work Life Balance  Critically Rated For Promotions / Appraisal",2.2k Reviews,9.2k Salaries,289 Interviews,35 Jobs,165 Benefits
414,Team Computers,3.7,IT Services & Consulting | New Delhi +101 other locations,"Critically Rated For Promotions / Appraisal, Salary & Benefits",2.2k Reviews,8.4k Salaries,196 Interviews,151 Jobs,115 Benefits
415,Endurance Technologies,3.9,Auto Components | Aurangabad +47 other locations,"Highly Rated For Skill Development / Learning, Job Security  Critically Rated For Promotions / Appraisal",2.2k Reviews,7.7k Salaries,130 Interviews,12 Jobs,230 Benefits
416,Lodha,4.1,Real Estate | Mumbai +30 other locations,"Highly Rated For Company Culture, Work Life Balance, Job Security",2.2k Reviews,8.6k Salaries,165 Interviews,204 Jobs,173 Benefits
417,SBI Securities,3.6,Financial Services | Mumbai +315 other locations,"Critically Rated For Promotions / Appraisal, Company Culture, Work Satisfaction",2.2k Reviews,6.7k Salaries,177 Interviews,28 Jobs,104 Benefits
418,Whirlpool,4.0,Consumer Electronics & Appliances | Pune +174 other locations,"Highly Rated For Work Life Balance, Company Culture, Work Satisfaction  Critically Rated For Promotions / Appraisal",2.2k Reviews,7.9k Salaries,116 Interviews,19 Jobs,201 Benefits
419,Star Union Dai-ichi Life Insurance,3.8,Insurance | Mumbai +315 other locations,NaN,2.2k Reviews,5.2k Salaries,128 Interviews,27 Jobs,95 Benefits
420,Indian Railways,4.2,Railways | Kolkata +247 other locations,"Highly Rated For Job Security, Work Life Balance, Skill Development / Learning",2.2k Reviews,3.4k Salaries,113 Interviews,-- Jobs,158 Benefits
421,GlaxoSmithKline Pharmaceuticals,4.0,Pharma | Bangalore / Bengaluru +216 other locations,"Highly Rated For Company Culture, Work Life Balance, Salary & Benefits  Critically Rated For Promotions / Appraisal",2.2k Reviews,5.6k Salaries,124 Interviews,34 Jobs,112 Benefits
422,Adani Wilmar,4.0,FMCG | Ahmedabad +198 other locations,"Highly Rated For Job Security, Work Life Balance, Skill Development / Learning",2.2k Reviews,6.7k Salaries,130 Interviews,95 Jobs,171 Benefits
423,Nokia Networks,4.1,Hardware & Networking | Chennai +87 other locations,"Highly Rated For Work Life Balance, Company Culture, Work Satisfaction  Critically Rated For Promotions / Appraisal",2.2k Reviews,10.5k Salaries,126 Interviews,-- Jobs,10 Benefits
424,Cisco,4.1,Hardware & Networking | Bangalore / Bengaluru +46 other locations,"Highly Rated For Work Life Balance, Company Culture, Skill Development / Learning  Critically Rated For Promotions / Appraisal",2.2k Reviews,18.7k Salaries,401 Interviews,115 Jobs,223 Benefits
425,Renault Nissan Technology & Business Centre India,3.8,IT Services & Consulting | Chennai +18 other locations,"Highly Rated For Work Life Balance, Job Security  Critically Rated For Promotions / Appraisal, Salary & Benefits",2.2k Reviews,14.5k Salaries,151 Interviews,42 Jobs,210 Benefits
426,Bharti AXA Life Insurance,3.6,Insurance | Mumbai +242 other locations,"Critically Rated For Job Security, Work Satisfaction, Promotions / Appraisal",2.2k Reviews,5.1k Salaries,143 Interviews,119 Jobs,170 Benefits
427,SBI General Insurance,3.5,Insurance | Mumbai +284 other locations,"Critically Rated For Promotions / Appraisal, Work Satisfaction, Skill Development / Learning",2.1k Reviews,6.5k Salaries,125 Interviews,48 Jobs,132 Benefits
428,Shahi Exports,3.9,Fashion & Textile | Bangalore / Bengaluru +71 other locations,"Highly Rated For Job Security, Company Culture, Work Life Balance  Critically Rated For Promotions / Appraisal",2.1k Reviews,6.7k Salaries,123 Interviews,43 Jobs,228 Benefits
429,Huawei Technologies,4.0,Telecom | Bangalore / Bengaluru +105 other locations,"Highly Rated For Salary & Benefits, Skill Development / Learning  Critically Rated For Job Security",2.1k Reviews,8.1k Salaries,117 Interviews,-- Jobs,288 Benefits
430,Meesho,3.7,Internet | Bangalore / Bengaluru +132 other locations,"Highly Rated For Salary & Benefits  Critically Rated For Job Security, Promotions / Appraisal",2.1k Reviews,9.2k Salaries,416 Interviews,98 Jobs,296 Benefits
431,Coromandel International,4.1,Agro Chemicals | Visakhapatnam +180 other locations,"Highly Rated For Job Security, Company Culture, Work Life Balance  Critically Rated For Promotions / Appraisal",2.1k Reviews,7.5k Salaries,122 Interviews,22 Jobs,217 Benefits
432,Daikin Airconditioning India Pvt. Ltd.,4.1,Consumer Electronics & Appliances | Neemrana +107 other locations,"Highly Rated For Job Security, Work Life Balance, Company Culture  Critically Rated For Promotions / Appraisal",2.1k Reviews,7.5k Salaries,200 Interviews,-- Jobs,144 Benefits
433,Ambuja Cements,3.8,Building Material | Mumbai +252 other locations,"Critically Rated For Promotions / Appraisal, Job Security",2.1k Reviews,5.9k Salaries,156 Interviews,-- Jobs,211 Benefits
434,ValueLabs,3.5,IT Services & Consulting | Hyderabad / Secunderabad +20 other locations,"Critically Rated For Promotions / Appraisal, Work Satisfaction, Job Security",2.1k Reviews,15.8k Salaries,210 Interviews,85 Jobs,266 Benefits
435,Sify Technologies,3.7,IT Services & Consulting | Chennai +131 other locations,"Critically Rated For Promotions / Appraisal, Salary & Benefits, Company Culture",2.1k Reviews,9.8k Salaries,144 Interviews,54 Jobs,152 Benefits
436,Allstate,3.7,Insurance | Pune +15 other locations,Highly Rated For Work Life Balance  Critically Rated For Promotions / Appraisal,2.1k Reviews,12.1k Salaries,154 Interviews,8 Jobs,186 Benefits
437,Bank of Baroda,3.5,Banking | Mumbai +298 other locations,"Highly Rated For Job Security  Critically Rated For Promotions / Appraisal, Company Culture, Work Life Balance",2.1k Reviews,6.8k Salaries,111 Interviews,-- Jobs,150 Benefits
438,BNP Paribas,3.7,Banking | Mumbai +27 other locations,"Highly Rated For Job Security, Work Life Balance  Critically Rated For Promotions / Appraisal, Salary & Benefits, Work Satisfaction",2.1k Reviews,17.5k Salaries,205 Interviews,585 Jobs,174 Benefits
439,Simplex Infrastructures,3.4,Engineering & Construction | Kolkata +139 other locations,"Critically Rated For Promotions / Appraisal, Salary & Benefits, Work Life Balance",2.1k Reviews,4.6k Salaries,79 Interviews,-- Jobs,286 Benefits
440,Microsoft Corporation,3.7,Software Product | Bangalore / Bengaluru +47 other locations,"Highly Rated For Work Life Balance, Company Culture  Critically Rated For Job Security, Promotions / Appraisal",2.1k Reviews,28.3k Salaries,604 Interviews,-- Jobs,196 Benefits
441,Ola Cabs,3.3,Internet | Bangalore / Bengaluru +111 other locations,"Critically Rated For Job Security, Promotions / Appraisal, Company Culture",2.1k Reviews,9.1k Salaries,153 Interviews,12 Jobs,227 Benefits
442,Life Insurance Corporation of India,4.4,Insurance | New Delhi +469 other locations,"Highly Rated For Work Life Balance, Company Culture, Skill Development / Learning",2.1k Reviews,4.6k Salaries,94 Interviews,3 Jobs,242 Benefits
443,BHEL,4.2,Electrical Equipment | Bangalore / Bengaluru +128 other locations,"Highly Rated For Job Security, Work Life Balance, Skill Development / Learning",2.1k Reviews,5k Salaries,131 Interviews,-- Jobs,231 Benefits
444,Cargill,3.9,Food Processing | Bangalore / Bengaluru +118 other locations,"Highly Rated For Work Life Balance, Company Culture, Salary & Benefits  Critically Rated For Promotions / Appraisal",2.1k Reviews,8.2k Salaries,109 Interviews,407 Jobs,148 Benefits
445,Spark Minda,3.8,Auto Components | Pune +74 other locations,Critically Rated For Promotions / Appraisal,2.1k Reviews,7k Salaries,153 Interviews,2 Jobs,36 Benefits
446,Pfizer,3.9,Pharma | Visakhapatnam +129 other locations,"Highly Rated For Work Life Balance, Company Culture  Critically Rated For Promotions / Appraisal, Job Security",2.1k Reviews,5.7k Salaries,84 Interviews,45 Jobs,276 Benefits
447,Force Motors,3.7,Automobile | Pune +107 other locations,"Critically Rated For Promotions / Appraisal, Company Culture, Work Satisfaction",2.1k Reviews,8.1k Salaries,143 Interviews,1 Jobs,152 Benefits
448,CAMS,3.6,Financial Services | Chennai +107 other locations,"Highly Rated For Job Security  Critically Rated For Promotions / Appraisal, Salary & Benefits, Work Satisfaction",2.1k Reviews,8.5k Salaries,139 Interviews,24 Jobs,50 Benefits
449,Generali Central Life Insurance,3.5,Insurance | Mumbai +197 other locations,"Critically Rated For Promotions / Appraisal, Work Satisfaction, Job Security",2.1k Reviews,6.7k Salaries,117 Interviews,6 Jobs,163 Benefits
450,Power Mech Projects,3.8,Engineering & Construction | Hyderabad / Secunderabad +149 other locations,"Highly Rated For Job Security  Critically Rated For Promotions / Appraisal, Company Culture, Salary & Benefits",2.1k Reviews,6.6k Salaries,119 Interviews,5 Jobs,158 Benefits
451,upGrad,3.4,EdTech | Bangalore / Bengaluru +48 other locations,"Critically Rated For Job Security, Promotions / Appraisal, Work Satisfaction",2.1k Reviews,9.1k Salaries,213 Interviews,72 Jobs,125 Benefits
452,Newgen Software Technologies,3.9,IT Services & Consulting | Noida +32 other locations,"Highly Rated For Job Security, Company Culture, Work Life Balance",2.1k Reviews,11.5k Salaries,199 Interviews,28 Jobs,147 Benefits
453,FirstCry,3.6,Retail | Pune +209 other locations,"Critically Rated For Promotions / Appraisal, Company Culture, Work Satisfaction",2.1k Reviews,8.5k Salaries,205 Interviews,9 Jobs,70 Benefits
454,Raymond Lifestyle Limited,4.2,Fashion & Textile | Mumbai +147 other locations,"Highly Rated For Work Life Balance, Company Culture, Job Security  Critically Rated For Promotions / Appraisal",2.1k Reviews,6.5k Salaries,112 Interviews,3 Jobs,230 Benefits
455,Bharat Petroleum,4.2,Oil & Gas | Mumbai +259 other locations,"Highly Rated For Skill Development / Learning, Company Culture, Work Life Balance  Critically Rated For Promotions / Appraisal",2k Reviews,6.6k Salaries,172 Interviews,-- Jobs,187 Benefits
456,Poonawalla Fincorp,3.6,NBFC | Pune +260 other locations,"Critically Rated For Promotions / Appraisal, Company Culture, Work Satisfaction",2k Reviews,5.7k Salaries,78 Interviews,18 Jobs,129 Benefits
457,Mercedes-Benz Research and Development India,3.7,IT Services & Consulting | Bangalore / Bengaluru +51 other locations,"Highly Rated For Work Life Balance, Job Security  Critically Rated For Promotions / Appraisal, Skill Development / Learning, Work Satisfaction",2k Reviews,17.5k Salaries,205 Interviews,116 Jobs,195 Benefits
458,Reliance Trends,4.1,Retail | Bangalore / Bengaluru +391 other locations,"Highly Rated For Job Security, Skill Development / Learning, Company Culture",2k Reviews,4.1k Salaries,122 Interviews,-- Jobs,220 Benefits
459,Renault-Nissan,4.1,Automobile | Chennai +86 other locations,"Highly Rated For Job Security, Company Culture, Work Life Balance  Critically Rated For Promotions / Appraisal",2k Reviews,7.6k Salaries,122 Interviews,-- Jobs,268 Benefits
460,Nuvoco Vistas,4.1,Building Material | Kolkata +195 other locations,"Highly Rated For Job Security, Skill Development / Learning, Salary & Benefits",2k Reviews,6.9k Salaries,121 Interviews,25 Jobs,126 Benefits
461,Extramarks Education,3.4,EdTech | Noida +110 other locations,"Critically Rated For Job Security, Promotions / Appraisal, Work Satisfaction",2k Reviews,7.4k Salaries,171 Interviews,20 Jobs,142 Benefits
462,Saint-Gobain,3.9,Building Material | Mumbai +101 other locations,"Highly Rated For Job Security, Company Culture, Work Life Balance  Critically Rated For Promotions / Appraisal, Salary & Benefits",2k Reviews,11.3k Salaries,200 Interviews,103 Jobs,243 Benefits
463,GAO Tek,4.4,Electrical Equipment | New York +39 other locations,"Highly Rated For Work Life Balance, Skill Development / Learning, Company Culture  Critically Rated For Salary & Benefits",2k Reviews,254 Salaries,471 Interviews,-- Jobs,26 Benefits
464,Brakes India,3.9,Auto Components | Chennai +98 other locations,"Highly Rated For Job Security, Skill Development / Learning, Company Culture  Critically Rated For Promotions / Appraisal, Salary & Benefits",2k Reviews,7k Salaries,92 Interviews,4 Jobs,198 Benefits
465,ITC Hotels,4.1,Hospitality | New Delhi +94 other locations,"Highly Rated For Job Security, Skill Development / Learning, Company Culture  Critically Rated For Promotions / Appraisal",2k Reviews,5.2k Salaries,99 Interviews,-- Jobs,199 Benefits
466,Kotak Securities,3.4,Financial Services | Mumbai +138 other locations,"Critically Rated For Promotions / Appraisal, Work Satisfaction, Skill Development / Learning",2k Reviews,9.4k Salaries,138 Interviews,19 Jobs,153 Benefits
467,Ninjacart,3.8,Internet | Bangalore / Bengaluru +114 other locations,"Highly Rated For Salary & Benefits  Critically Rated For Job Security, Promotions / Appraisal",2k Reviews,5.3k Salaries,101 Interviews,17 Jobs,137 Benefits
468,Henry Harvin Education,3.5,EdTech | Noida +33 other locations,"Critically Rated For Promotions / Appraisal, Salary & Benefits",2k Reviews,877 Salaries,53 Interviews,74 Jobs,63 Benefits
469,Jio Platforms,3.3,IT Services & Consulting | Mumbai +101 other locations,"Highly Rated For Job Security  Critically Rated For Promotions / Appraisal, Salary & Benefits, Company Culture",2k Reviews,13.5k Salaries,243 Interviews,-- Jobs,62 Benefits
470,Delphi TVS,3.9,Auto Components | Chennai +58 other locations,"Highly Rated For Skill Development / Learning  Critically Rated For Promotions / Appraisal, Salary & Benefits",2k Reviews,5.5k Salaries,98 Interviews,-- Jobs,192 Benefits
471,State Street Syntel,3.7,Financial Services | Mumbai +21 other locations,"Highly Rated For Job Security  Critically Rated For Promotions / Appraisal, Salary & Benefits",2k Reviews,7.4k Salaries,79 Interviews,-- Jobs,281 Benefits
472,Reliance General Insurance,3.6,Insurance | Mumbai +193 other locations,"Critically Rated For Promotions / Appraisal, Work Satisfaction, Job Security",2k Reviews,7k Salaries,96 Interviews,11 Jobs,131 Benefits
473,JK Tyre,3.6,Auto Components | Chennai +141 other locations,"Critically Rated For Promotions / Appraisal, Company Culture, Salary & Benefits",2k Reviews,6.7k Salaries,125 Interviews,-- Jobs,189 Benefits
474,CitiusTech,3.2,IT Services & Consulting | Mumbai +16 other locations,"Critically Rated For Promotions / Appraisal, Job Security, Work Satisfaction",2k Reviews,14.1k Salaries,309 Interviews,49 Jobs,163 Benefits
475,Biological E,4.2,Pharma | Hyderabad / Secunderabad +71 other locations,"Highly Rated For Job Security, Company Culture, Work Life Balance",2k Reviews,7k Salaries,136 Interviews,39 Jobs,221 Benefits
476,SGS,3.8,Other | Mumbai +145 other locations,"Highly Rated For Work Life Balance  Critically Rated For Promotions / Appraisal, Salary & Benefits",2k Reviews,6.2k Salaries,122 Interviews,112 Jobs,178 Benefits
477,Infinite Computer Solutions,3.3,IT Services & Consulting | Bangalore / Bengaluru +36 other locations,"Critically Rated For Promotions / Appraisal, Job Security, Company Culture",2k Reviews,14.6k Salaries,169 Interviews,260 Jobs,105 Benefits
478,Senco Gold,4.4,Jewellery | Kolkata +77 other locations,"Highly Rated For Job Security, Skill Development / Learning, Company Culture",2k Reviews,1.5k Salaries,617 Interviews,6 Jobs,35 Benefits
479,Morgan Stanley,3.6,Financial Services | Mumbai +19 other locations,"Critically Rated For Promotions / Appraisal, Job Security, Work Satisfaction",2k Reviews,25.5k Salaries,326 Interviews,9 Jobs,151 Benefits
480,Novartis,4.1,Pharma | Hyderabad / Secunderabad +75 other locations,"Highly Rated For Work Life Balance, Company Culture, Salary & Benefits  Critically Rated For Promotions / Appraisal",2k Reviews,9.8k Salaries,165 Interviews,294 Jobs,226 Benefits
481,YASH Technologies,3.7,IT Services & Consulting | Hyderabad / Secunderabad +29 other locations,"Highly Rated For Work Life Balance  Critically Rated For Promotions / Appraisal, Work Satisfaction, Salary & Benefits",2k Reviews,16.1k Salaries,168 Interviews,484 Jobs,172 Benefits
482,HSBC Electronic Data Processing,4.1,IT Services & Consulting | Bangalore / Bengaluru +19 other locations,"Highly Rated For Work Life Balance, Job Security, Company Culture  Critically Rated For Promotions / Appraisal",2k Reviews,8.7k Salaries,84 Interviews,-- Jobs,20 Benefits
483,SAP,4.1,Software Product | Bangalore / Bengaluru +53 other locations,"Highly Rated For Work Life Balance, Company Culture, Job Security  Critically Rated For Promotions / Appraisal",1.9k Reviews,17k Salaries,312 Interviews,172 Jobs,284 Benefits
484,EPAM Systems,3.7,IT Services & Consulting | Hyderabad / Secunderabad +35 other locations,"Highly Rated For Skill Development / Learning, Salary & Benefits, Work Life Balance  Critically Rated For Promotions / Appraisal, Job Security, Work Satisfaction",1.9k Reviews,21k Salaries,604 Interviews,51 Jobs,132 Benefits
485,L&T Energy Hydrocarbon,3.8,Engineering & Construction | Vadodara +87 other locations,"Highly Rated For Job Security, Skill Development / Learning  Critically Rated For Promotions / Appraisal, Work Life Balance, Company Culture",1.9k Reviews,8.2k Salaries,116 Interviews,-- Jobs,193 Benefits
486,AECOM,4.2,Engineering & Construction | Gurgaon / Gurugram +121 other locations,"Highly Rated For Work Life Balance, Company Culture, Work Satisfaction  Critically Rated For Promotions / Appraisal",1.9k Reviews,6.9k Salaries,144 Interviews,222 Jobs,243 Benefits
487,IDBI Bank,3.4,Banking | Mumbai +328 other locations,"Critically Rated For Promotions / Appraisal, Work Satisfaction, Company Culture",1.9k Reviews,6.1k Salaries,78 Interviews,-- Jobs,137 Benefits
488,Narayana Health,3.9,Healthcare | Bangalore / Bengaluru +64 other locations,"Highly Rated For Job Security, Skill Development / Learning, Company Culture  Critically Rated For Promotions / Appraisal",1.9k Reviews,5.9k Salaries,90 Interviews,83 Jobs,143 Benefits
489,Manipal Hospitals,4.1,Healthcare | Bangalore / Bengaluru +66 other locations,"Highly Rated For Job Security, Skill Development / Learning, Company Culture  Critically Rated For Promotions / Appraisal",1.9k Reviews,6.5k Salaries,127 Interviews,77 Jobs,131 Benefits
490,Paisabazaar.com,3.4,Internet | Gurgaon / Gurugram +36 other locations,"Critically Rated For Job Security, Promotions / Appraisal, Company Culture",1.9k Reviews,7k Salaries,166 Interviews,43 Jobs,98 Benefits
491,Honeywell Automation,3.7,Industrial Automation | Pune +77 other locations,Critically Rated For Promotions / Appraisal,1.9k Reviews,11.9k Salaries,129 Interviews,-- Jobs,159 Benefits
492,R.R. Donnelley,3.7,Marketing & Advertising | Chennai +26 other locations,"Highly Rated For Job Security  Critically Rated For Promotions / Appraisal, Salary & Benefits",1.9k Reviews,9.9k Salaries,127 Interviews,15 Jobs,243 Benefits
493,Aditya Birla Health Insurance Co,3.7,Insurance | Mumbai +250 other locations,Critically Rated For Promotions / Appraisal,1.9k Reviews,7.3k Salaries,118 Interviews,3 Jobs,93 Benefits
494,Uflex,3.8,Packaging | Noida +47 other locations,Highly Rated For Job Security  Critically Rated For Promotions / Appraisal,1.9k Reviews,6.6k Salaries,125 Interviews,68 Jobs,117 Benefits
495,K12 Techno Services,3.6,EdTech | Bangalore / Bengaluru +41 other locations,"Critically Rated For Job Security, Promotions / Appraisal, Company Culture",1.9k Reviews,5.1k Salaries,398 Interviews,184 Jobs,60 Benefits
496,Dr Lal PathLabs,4.2,Healthcare | New Delhi +201 other locations,"Highly Rated For Job Security, Skill Development / Learning, Company Culture",1.9k Reviews,4.4k Salaries,167 Interviews,67 Jobs,192 Benefits
497,Parle Products,3.9,FMCG | Mumbai +239 other locations,Highly Rated For Salary & Benefits  Critically Rated For Promotions / Appraisal,1.9k Reviews,3.8k Salaries,112 Interviews,10 Jobs,201 Benefits
498,Motherson Automotive Technologies and Engineering,3.8,Auto Components | Chennai +67 other locations,"Highly Rated For Job Security, Skill Development / Learning  Critically Rated For Promotions / Appraisal",1.9k Reviews,7.3k Salaries,149 Interviews,29 Jobs,151 Benefits
499,Microland,3.5,IT Services & Consulting | Bangalore / Bengaluru +46 other locations,"Critically Rated For Promotions / Appraisal, Work Satisfaction, Salary & Benefits",1.9k Reviews,10.6k Salaries,143 Interviews,546 Jobs,158 Benefits
500,Microland,3.5,IT Services & Consulting | Bangalore / Bengaluru +46 other locations,"Critically Rated For Promotions / Appraisal, Work Satisfaction, Salary & Benefits",1.9k Reviews,10.6k Salaries,143 Interviews,546 Jobs,158 Benefits
501,Google,4.4,Software Product | Bangalore / Bengaluru +85 other locations,"Highly Rated For Company Culture, Work Life Balance, Salary & Benefits",1.9k Reviews,30.6k Salaries,990 Interviews,585 Jobs,132 Benefits
502,Gabriel India Limited,4.1,Auto Components | Pune +51 other locations,"Highly Rated For Job Security, Skill Development / Learning, Company Culture  Critically Rated For Promotions / Appraisal",1.9k Reviews,5.7k Salaries,129 Interviews,-- Jobs,249 Benefits
503,Tekwissen,4.9,IT Services & Consulting | Visakhapatnam +5 other locations,"Highly Rated For Company Culture, Work Life Balance, Work Satisfaction",1.9k Reviews,565 Salaries,253 Interviews,52 Jobs,3 Benefits
504,V-Guard Industries,4.3,Consumer Electronics & Appliances | Kochi +169 other locations,"Highly Rated For Company Culture, Work Life Balance, Job Security  Critically Rated For Promotions / Appraisal",1.9k Reviews,4.5k Salaries,110 Interviews,38 Jobs,274 Benefits
505,NCR Corporation,3.5,IT Services & Consulting | Hyderabad / Secunderabad +89 other locations,"Critically Rated For Promotions / Appraisal, Skill Development / Learning, Work Satisfaction",1.9k Reviews,9.2k Salaries,142 Interviews,37 Jobs,173 Benefits
506,Shadowfax Technologies,3.5,Logistics | Bangalore / Bengaluru +239 other locations,"Critically Rated For Job Security, Promotions / Appraisal, Company Culture",1.9k Reviews,7.2k Salaries,158 Interviews,23 Jobs,81 Benefits
507,Globiva,3.0,BPO | Gurgaon / Gurugram +27 other locations,"Critically Rated For Promotions / Appraisal, Work Satisfaction, Salary & Benefits",1.9k Reviews,5.1k Salaries,134 Interviews,122 Jobs,83 Benefits
508,Crisil,3.5,Analytics & KPO | Mumbai +81 other locations,"Critically Rated For Promotions / Appraisal, Salary & Benefits, Work Satisfaction",1.9k Reviews,13k Salaries,210 Interviews,572 Jobs,222 Benefits
509,Spinny,3.7,Internet | Gurgaon / Gurugram +62 other locations,"Critically Rated For Promotions / Appraisal, Job Security, Company Culture",1.9k Reviews,7.2k Salaries,198 Interviews,43 Jobs,101 Benefits
510,Haier Appliances India,4.0,Consumer Electronics & Appliances | Pune +154 other locations,"Highly Rated For Skill Development / Learning, Salary & Benefits  Critically Rated For Promotions / Appraisal",1.9k Reviews,6.9k Salaries,160 Interviews,13 Jobs,165 Benefits
511,CMS Infosystems,3.5,Software Product | Mumbai +216 other locations,"Critically Rated For Promotions / Appraisal, Salary & Benefits, Company Culture",1.9k Reviews,4.7k Salaries,73 Interviews,8 Jobs,104 Benefits
512,Lucas-TVS,3.9,Auto Components | Chennai +75 other locations,"Highly Rated For Job Security  Critically Rated For Promotions / Appraisal, Salary & Benefits",1.9k Reviews,6k Salaries,89 Interviews,6 Jobs,212 Benefits
513,Trent,3.8,Retail | Mumbai +142 other locations,Highly Rated For Job Security  Critically Rated For Promotions / Appraisal,1.9k Reviews,4.7k Salaries,103 Interviews,21 Jobs,133 Benefits
514,CNH (Case New Holland),3.7,Industrial Machinery | Gurgaon / Gurugram +136 other locations,Highly Rated For Work Life Balance  Critically Rated For Promotions / Appraisal,1.9k Reviews,5.8k Salaries,133 Interviews,26 Jobs,162 Benefits
515,Safexpress,3.9,Logistics | New Delhi +156 other locations,"Highly Rated For Job Security, Company Culture, Work Life Balance  Critically Rated For Promotions / Appraisal, Salary & Benefits",1.9k Reviews,5.5k Salaries,123 Interviews,6 Jobs,147 Benefits
516,Angel One,3.6,FinTech | Mumbai +133 other locations,"Critically Rated For Promotions / Appraisal, Job Security, Work Satisfaction",1.9k Reviews,7.4k Salaries,159 Interviews,18 Jobs,153 Benefits
517,G R Infraprojects,4.1,Engineering & Construction | Gurgaon / Gurugram +155 other locations,"Highly Rated For Salary & Benefits, Skill Development / Learning, Company Culture",1.9k Reviews,5.4k Salaries,158 Interviews,48 Jobs,158 Benefits
518,DHL Supply Chain,4.2,Logistics | Mumbai +102 other locations,"Highly Rated For Job Security, Company Culture, Work Life Balance  Critically Rated For Promotions / Appraisal",1.9k Reviews,6.1k Salaries,113 Interviews,9 Jobs,137 Benefits
519,Adecco Group,3.8,Recruitment | Bangalore / Bengaluru +176 other locations,"Highly Rated For Work Life Balance  Critically Rated For Promotions / Appraisal, Job Security",1.9k Reviews,7k Salaries,113 Interviews,-- Jobs,137 Benefits
520,NTPC,4.2,Power | New Delhi +123 other locations,"Highly Rated For Company Culture, Work Life Balance, Skill Development / Learning",1.8k Reviews,4.2k Salaries,175 Interviews,-- Jobs,180 Benefits
521,Tata Power,3.9,Power | Mumbai +150 other locations,"Highly Rated For Job Security, Work Life Balance, Skill Development / Learning  Critically Rated For Promotions / Appraisal, Salary & Benefits",1.8k Reviews,7.2k Salaries,207 Interviews,9 Jobs,123 Benefits
522,Thomson Reuters,3.8,Software Product | Bangalore / Bengaluru +26 other locations,"Highly Rated For Work Life Balance, Company Culture  Critically Rated For Promotions / Appraisal",1.8k Reviews,10.5k Salaries,132 Interviews,58 Jobs,226 Benefits
523,HTC Global Services,3.4,IT Services & Consulting | Chennai +32 other locations,"Critically Rated For Promotions / Appraisal, Company Culture, Skill Development / Learning",1.8k Reviews,12.8k Salaries,159 Interviews,68 Jobs,108 Benefits
524,Aye Finance,4.1,NBFC | Gurgaon / Gurugram +356 other locations,"Highly Rated For Salary & Benefits, Company Culture, Work Life Balance",1.8k Reviews,3.4k Salaries,86 Interviews,46 Jobs,115 Benefits
525,Aadhar Housing Finance,4.1,NBFC | Mumbai +320 other locations,"Highly Rated For Company Culture, Skill Development / Learning, Salary & Benefits",1.8k Reviews,4.8k Salaries,115 Interviews,4 Jobs,98 Benefits
526,Trident Group,3.3,Fashion & Textile | Barnala +59 other locations,"Highly Rated For Salary & Benefits  Critically Rated For Job Security, Company Culture, Work Life Balance",1.8k Reviews,5.3k Salaries,134 Interviews,18 Jobs,122 Benefits
527,Iris Software,3.8,IT Services & Consulting | Noida +24 other locations,"Highly Rated For Company Culture, Work Life Balance, Skill Development / Learning  Critically Rated For Promotions / Appraisal",1.8k Reviews,7.6k Salaries,205 Interviews,417 Jobs,245 Benefits
528,Infinx,3.7,Software Product | Hyderabad / Secunderabad +36 other locations,"Highly Rated For Job Security  Critically Rated For Promotions / Appraisal, Salary & Benefits",1.8k Reviews,5.3k Salaries,208 Interviews,23 Jobs,72 Benefits
529,Hindustan Aeronautics,4.3,Defence & Aerospace | Bangalore / Bengaluru +63 other locations,"Highly Rated For Work Life Balance, Work Satisfaction, Job Security",1.8k Reviews,4.3k Salaries,83 Interviews,-- Jobs,173 Benefits
530,TVS Sundram Fasteners,3.6,Auto Components | Chennai +66 other locations,"Critically Rated For Promotions / Appraisal, Salary & Benefits, Company Culture",1.8k Reviews,6.7k Salaries,91 Interviews,-- Jobs,203 Benefits
531,KENT RO Systems,3.8,Consumer Electronics & Appliances | Noida +150 other locations,Highly Rated For Work Life Balance  Critically Rated For Promotions / Appraisal,1.8k Reviews,4.2k Salaries,97 Interviews,13 Jobs,106 Benefits
532,Torrent Power,3.7,Power | Ahmedabad +60 other locations,"Highly Rated For Job Security, Work Life Balance  Critically Rated For Promotions / Appraisal, Salary & Benefits",1.8k Reviews,7.6k Salaries,161 Interviews,66 Jobs,157 Benefits
533,ICICI Home Finance,3.7,Financial Services | Mumbai +216 other locations,Highly Rated For Salary & Benefits  Critically Rated For Work Satisfaction,1.8k Reviews,5.1k Salaries,96 Interviews,16 Jobs,87 Benefits
534,PI Industries,3.8,Agro Chemicals | Vadodara +104 other locations,Highly Rated For Salary & Benefits  Critically Rated For Promotions / Appraisal,1.8k Reviews,6.8k Salaries,131 Interviews,8 Jobs,162 Benefits
535,Aragen Life Sciences,3.9,Clinical Research | Hyderabad / Secunderabad +31 other locations,"Highly Rated For Job Security, Company Culture, Work Life Balance  Critically Rated For Promotions / Appraisal",1.8k Reviews,6.4k Salaries,122 Interviews,114 Jobs,298 Benefits
536,Jindal Saw,4.0,Iron & Steel | Mundra +77 other locations,"Highly Rated For Job Security, Work Life Balance, Work Satisfaction",1.8k Reviews,6.4k Salaries,137 Interviews,7 Jobs,182 Benefits
537,Honda Cars,4.3,Automobile | Bhiwadi +117 other locations,"Highly Rated For Work Life Balance, Company Culture, Job Security",1.8k Reviews,6.2k Salaries,110 Interviews,3 Jobs,185 Benefits
538,Medi Assist India,3.5,Insurance | Bangalore / Bengaluru +65 other locations,"Critically Rated For Promotions / Appraisal, Salary & Benefits, Work Satisfaction",1.8k Reviews,7.1k Salaries,135 Interviews,81 Jobs,139 Benefits
539,Fusion CX,3.3,BPO | Kolkata +55 other locations,"Critically Rated For Promotions / Appraisal, Job Security, Salary & Benefits",1.8k Reviews,4.4k Salaries,135 Interviews,127 Jobs,98 Benefits
540,NeoSOFT,3.4,IT Services & Consulting | Mumbai +24 other locations,"Critically Rated For Job Security, Promotions / Appraisal, Company Culture",1.8k Reviews,10.6k Salaries,294 Interviews,61 Jobs,101 Benefits
541,AXA Business Services,3.9,IT Services & Consulting | Pune +11 other locations,"Highly Rated For Work Life Balance, Job Security, Company Culture  Critically Rated For Promotions / Appraisal, Salary & Benefits",1.8k Reviews,7.2k Salaries,102 Interviews,9 Jobs,171 Benefits
542,Polycab Wires,3.9,Electrical Equipment | Vadodara +167 other locations,"Highly Rated For Salary & Benefits, Work Life Balance",1.8k Reviews,6.8k Salaries,123 Interviews,16 Jobs,88 Benefits
543,CSB Bank,3.2,Banking | Mumbai +231 other locations,"Critically Rated For Promotions / Appraisal, Company Culture, Work Satisfaction",1.8k Reviews,6.8k Salaries,103 Interviews,18 Jobs,44 Benefits
544,Sterling & Wilson,4.0,Engineering & Construction | Mumbai +127 other locations,"Highly Rated For Work Life Balance, Job Security, Company Culture",1.8k Reviews,6.6k Salaries,81 Interviews,32 Jobs,200 Benefits
545,Stellar Migration,1.3,Dubai +7 other locations,"Critically Rated For Company Culture, Work Life Balance, Work Satisfaction",1.8k Reviews,-- Salaries,2 Interviews,-- Jobs,8 Benefits
546,AkzoNobel,4.1,Chemicals | Pune +159 other locations,"Highly Rated For Company Culture, Work Life Balance, Salary & Benefits  Critically Rated For Promotions / Appraisal",1.8k Reviews,4.2k Salaries,131 Interviews,41 Jobs,132 Benefits
547,Innovsource Services,3.9,Recruitment | Mumbai +245 other locations,Critically Rated For Promotions / Appraisal,1.8k Reviews,4.4k Salaries,73 Interviews,1 Jobs,126 Benefits
548,Capri Global Capital,3.6,NBFC | New Delhi +326 other locations,"Critically Rated For Work Satisfaction, Job Security, Promotions / Appraisal",1.8k Reviews,4.1k Salaries,73 Interviews,56 Jobs,38 Benefits
549,Dhani Loans and Services,3.9,NBFC | Gurgaon / Gurugram +188 other locations,"Highly Rated For Work Life Balance  Critically Rated For Promotions / Appraisal, Job Security",1.8k Reviews,4.4k Salaries,70 Interviews,21 Jobs,41 Benefits
550,SS&C TECHNOLOGIES,3.3,IT Services & Consulting | Mumbai +31 other locations,"Critically Rated For Promotions / Appraisal, Salary & Benefits, Work Satisfaction",1.8k Reviews,13.3k Salaries,195 Interviews,93 Jobs,197 Benefits
551,Infra.Market,4.0,Building Material | Mumbai +127 other locations,"Highly Rated For Work Life Balance, Salary & Benefits, Company Culture",1.8k Reviews,3.6k Salaries,237 Interviews,9 Jobs,35 Benefits
552,Cafe Coffee Day,3.7,Hospitality | Bangalore / Bengaluru +103 other locations,"Critically Rated For Promotions / Appraisal, Salary & Benefits, Company Culture",1.8k Reviews,3.8k Salaries,79 Interviews,8 Jobs,179 Benefits
553,Future Retail,4.4,Retail | Mumbai +197 other locations,"Highly Rated For Company Culture, Skill Development / Learning, Work Life Balance",1.8k Reviews,4k Salaries,57 Interviews,-- Jobs,249 Benefits
554,TELUS Digital,3.6,IT Services & Consulting | Noida +25 other locations,"Critically Rated For Promotions / Appraisal, Job Security, Work Satisfaction",1.8k Reviews,9.4k Salaries,131 Interviews,39 Jobs,35 Benefits
555,MetLife,4.1,Insurance | Noida +43 other locations,"Highly Rated For Work Life Balance, Job Security, Company Culture  Critically Rated For Promotions / Appraisal",1.7k Reviews,9.1k Salaries,100 Interviews,64 Jobs,235 Benefits
556,DIVI'S Laboratories,3.6,Pharma | Visakhapatnam +36 other locations,"Highly Rated For Salary & Benefits  Critically Rated For Promotions / Appraisal, Company Culture, Work Satisfaction",1.7k Reviews,6.7k Salaries,97 Interviews,-- Jobs,175 Benefits
557,Verizon,3.6,Telecom | Hyderabad / Secunderabad +10 other locations,"Highly Rated For Salary & Benefits  Critically Rated For Promotions / Appraisal, Job Security, Work Satisfaction",1.7k Reviews,11.2k Salaries,124 Interviews,-- Jobs,200 Benefits
558,Kalyan Jewellers,4.4,Jewellery | Thrissur +153 other locations,"Highly Rated For Salary & Benefits, Company Culture, Job Security",1.7k Reviews,1.5k Salaries,75 Interviews,12 Jobs,57 Benefits
559,Tata Communications Transformation Services,3.8,Telecom | Pune +95 other locations,"Highly Rated For Work Life Balance, Company Culture, Job Security  Critically Rated For Promotions / Appraisal, Salary & Benefits",1.7k Reviews,8.3k Salaries,99 Interviews,-- Jobs,170 Benefits
560,USHA International,4.1,Consumer Electronics & Appliances | Gurgaon / Gurugram +147 other locations,"Highly Rated For Work Life Balance, Job Security, Company Culture  Critically Rated For Promotions / Appraisal",1.7k Reviews,4.8k Salaries,109 Interviews,7 Jobs,162 Benefits
561,Haldiram Foods International Limited,3.8,FMCG | Nagpur +160 other locations,"Critically Rated For Promotions / Appraisal, Company Culture",1.7k Reviews,5.8k Salaries,149 Interviews,-- Jobs,99 Benefits
562,USV,4.0,Pharma | Mumbai +106 other locations,"Highly Rated For Company Culture, Work Life Balance, Job Security",1.7k Reviews,5.6k Salaries,86 Interviews,37 Jobs,171 Benefits
563,Reckitt Benckiser,4.0,FMCG | Gurgaon / Gurugram +135 other locations,"Highly Rated For Salary & Benefits, Work Life Balance  Critically Rated For Promotions / Appraisal",1.7k Reviews,6.2k Salaries,101 Interviews,30 Jobs,174 Benefits
564,BT Business,3.9,Telecom | Gurgaon / Gurugram +12 other locations,"Highly Rated For Work Life Balance, Company Culture, Job Security  Critically Rated For Promotions / Appraisal",1.7k Reviews,9k Salaries,90 Interviews,-- Jobs,260 Benefits
565,Hindustan Petroleum,4.2,Oil & Gas | Mumbai +251 other locations,"Highly Rated For Work Life Balance, Job Security, Skill Development / Learning",1.7k Reviews,5.8k Salaries,114 Interviews,-- Jobs,136 Benefits
566,Vedantu,3.3,EdTech | Bangalore / Bengaluru +71 other locations,"Critically Rated For Job Security, Promotions / Appraisal, Work Satisfaction",1.7k Reviews,8.7k Salaries,196 Interviews,20 Jobs,159 Benefits
567,NTT DATA Business Solutions,4.1,IT Services & Consulting | Bangalore / Bengaluru +32 other locations,"Highly Rated For Work Life Balance, Job Security, Company Culture  Critically Rated For Promotions / Appraisal",1.9k Reviews,12.1k Salaries,185 Interviews,35 Jobs,14 Benefits
568,Godrej Properties,3.6,Real Estate | Mumbai +34 other locations,"Highly Rated For Salary & Benefits  Critically Rated For Promotions / Appraisal, Work Satisfaction, Company Culture",1.7k Reviews,8.4k Salaries,120 Interviews,5 Jobs,106 Benefits
569,Security and Intelligence Services (India),4.0,Law Enforcement & Security | New Delhi +192 other locations,"Highly Rated For Work Life Balance, Job Security, Company Culture",1.7k Reviews,4.2k Salaries,77 Interviews,40 Jobs,133 Benefits
570,NEC,4.1,IT Services & Consulting | Noida +55 other locations,"Highly Rated For Work Life Balance, Company Culture, Skill Development / Learning",1.7k Reviews,5.5k Salaries,76 Interviews,16 Jobs,78 Benefits
571,Isgec Heavy Engineering,3.8,Engineering & Construction | Noida +89 other locations,"Highly Rated For Job Security  Critically Rated For Promotions / Appraisal, Company Culture, Work Satisfaction",1.7k Reviews,6.7k Salaries,138 Interviews,50 Jobs,133 Benefits
572,HDFC Securities,3.4,Financial Services | Mumbai +184 other locations,"Critically Rated For Work Satisfaction, Promotions / Appraisal, Company Culture",1.7k Reviews,5.7k Salaries,121 Interviews,42 Jobs,137 Benefits
573,Pine Labs,3.3,FinTech | Noida +119 other locations,"Critically Rated For Promotions / Appraisal, Work Satisfaction, Job Security",1.7k Reviews,7.2k Salaries,134 Interviews,31 Jobs,116 Benefits
574,Bata,3.5,Fashion & Textile | Gurgaon / Gurugram +144 other locations,"Critically Rated For Promotions / Appraisal, Company Culture, Work Satisfaction",1.7k Reviews,4.1k Salaries,81 Interviews,9 Jobs,118 Benefits
575,Indian Navy,4.6,Defence & Aerospace | Mumbai +75 other locations,"Highly Rated For Job Security, Skill Development / Learning, Company Culture",1.7k Reviews,3.4k Salaries,34 Interviews,-- Jobs,244 Benefits
576,Digit Insurance,3.8,Insurance | Bangalore / Bengaluru +84 other locations,"Highly Rated For Job Security, Skill Development / Learning  Critically Rated For Promotions / Appraisal",1.7k Reviews,5.6k Salaries,216 Interviews,87 Jobs,101 Benefits
577,Exela Technologies,3.3,BPO | Chennai +26 other locations,"Critically Rated For Promotions / Appraisal, Salary & Benefits, Skill Development / Learning",1.7k Reviews,7.7k Salaries,99 Interviews,7 Jobs,75 Benefits
578,Metro Cash & Carry,4.1,Retail | Bangalore / Bengaluru +88 other locations,"Highly Rated For Work Life Balance, Job Security, Skill Development / Learning  Critically Rated For Promotions / Appraisal",1.7k Reviews,4.8k Salaries,72 Interviews,-- Jobs,167 Benefits
579,First American Corporation,3.5,Insurance | Bangalore / Bengaluru +21 other locations,"Critically Rated For Promotions / Appraisal, Salary & Benefits, Work Satisfaction",1.7k Reviews,8.7k Salaries,86 Interviews,60 Jobs,156 Benefits
580,Air India,3.4,Aviation | New Delhi +64 other locations,"Critically Rated For Promotions / Appraisal, Company Culture, Work Satisfaction",1.7k Reviews,7.4k Salaries,193 Interviews,44 Jobs,152 Benefits
581,Mother Dairy Fruit & Vegetable,4.0,Food Processing | New Delhi +127 other locations,"Highly Rated For Job Security, Work Life Balance, Company Culture  Critically Rated For Promotions / Appraisal",1.7k Reviews,5k Salaries,97 Interviews,-- Jobs,151 Benefits
582,LivSpace,3.4,Architecture & Interior Design | Bangalore / Bengaluru +52 other locations,"Critically Rated For Promotions / Appraisal, Job Security, Work Life Balance",1.7k Reviews,7.9k Salaries,163 Interviews,89 Jobs,92 Benefits
583,Cavinkare,4.0,FMCG | Chennai +170 other locations,"Highly Rated For Salary & Benefits, Company Culture, Work Life Balance",1.7k Reviews,4.8k Salaries,69 Interviews,11 Jobs,142 Benefits
584,American Broadcasting Company,4.0,Bangalore / Bengaluru +107 other locations,"Highly Rated For Work Life Balance, Skill Development / Learning, Salary & Benefits",1.7k Reviews,32.6k Salaries,583 Interviews,11 Jobs,9 Benefits
585,Sysnet Global Technologies,3.7,IT Services & Consulting | New Delhi +151 other locations,"Critically Rated For Promotions / Appraisal, Salary & Benefits",1.7k Reviews,4.1k Salaries,140 Interviews,550 Jobs,83 Benefits
586,FactSet,3.7,Analytics & KPO | Hyderabad / Secunderabad +17 other locations,"Highly Rated For Work Life Balance, Company Culture, Job Security  Critically Rated For Promotions / Appraisal, Salary & Benefits, Skill Development / Learning",1.6k Reviews,10.3k Salaries,228 Interviews,36 Jobs,185 Benefits
587,Adani Green Energy,3.9,Power | Ahmedabad +113 other locations,"Highly Rated For Salary & Benefits, Skill Development / Learning  Critically Rated For Promotions / Appraisal",1.6k Reviews,5.8k Salaries,150 Interviews,-- Jobs,79 Benefits
588,Provana,4.0,BPO | Noida +11 other locations,"Highly Rated For Company Culture, Work Life Balance, Work Satisfaction",1.6k Reviews,4k Salaries,170 Interviews,39 Jobs,249 Benefits
589,Yamaha Motor,4.1,Automobile | Chennai +152 other locations,"Highly Rated For Work Life Balance, Company Culture, Work Satisfaction  Critically Rated For Promotions / Appraisal",1.6k Reviews,5.2k Salaries,86 Interviews,13 Jobs,181 Benefits
590,Annapurna Finance,3.9,NBFC | Bhubaneswar +386 other locations,Highly Rated For Salary & Benefits  Critically Rated For Promotions / Appraisal,1.6k Reviews,3.7k Salaries,82 Interviews,2 Jobs,126 Benefits
591,Granules India Limited,3.8,Pharma | Hyderabad / Secunderabad +22 other locations,"Critically Rated For Promotions / Appraisal, Work Satisfaction, Skill Development / Learning",1.6k Reviews,6.2k Salaries,84 Interviews,5 Jobs,159 Benefits
592,Orange Business,4.2,IT Services & Consulting | Gurgaon / Gurugram +51 other locations,"Highly Rated For Work Life Balance, Company Culture, Job Security  Critically Rated For Promotions / Appraisal",1.6k Reviews,8.9k Salaries,111 Interviews,13 Jobs,237 Benefits
593,Cushman & Wakefield,4.2,Real Estate | Gurgaon / Gurugram +44 other locations,"Highly Rated For Company Culture, Work Life Balance, Job Security",1.6k Reviews,6.3k Salaries,106 Interviews,145 Jobs,129 Benefits
594,Rane (Madras),3.9,Auto Components | Chennai +56 other locations,"Highly Rated For Skill Development / Learning, Job Security  Critically Rated For Promotions / Appraisal, Salary & Benefits",1.6k Reviews,4.9k Salaries,92 Interviews,25 Jobs,162 Benefits
595,Medanta the Medicity,4.0,Healthcare | Gurgaon / Gurugram +47 other locations,"Highly Rated For Job Security, Skill Development / Learning, Company Culture  Critically Rated For Promotions / Appraisal",1.6k Reviews,4.9k Salaries,125 Interviews,102 Jobs,147 Benefits
596,Frankfinn Institute of Air Hostess Training,3.9,Education & Training | Gurgaon / Gurugram +61 other locations,Highly Rated For Salary & Benefits,1.6k Reviews,3.2k Salaries,120 Interviews,82 Jobs,170 Benefits
597,HighRadius,2.6,Software Product | Hyderabad / Secunderabad +16 other locations,"Critically Rated For Job Security, Company Culture, Work Satisfaction",1.6k Reviews,8.5k Salaries,207 Interviews,32 Jobs,82 Benefits
598,Caterpillar Inc,4.1,Industrial Machinery | Chennai +44 other locations,"Highly Rated For Company Culture, Work Life Balance, Job Security  Critically Rated For Promotions / Appraisal",1.6k Reviews,10.3k Salaries,200 Interviews,94 Jobs,134 Benefits
599,DHL Express,4.1,Logistics | Mumbai +92 other locations,"Highly Rated For Job Security, Company Culture, Work Life Balance  Critically Rated For Promotions / Appraisal",1.6k Reviews,6.1k Salaries,76 Interviews,-- Jobs,170 Benefits
600,Caterpillar Inc,4.1,Industrial Machinery | Chennai +44 other locations,"Highly Rated For Company Culture, Work Life Balance, Job Security  Critically Rated For Promotions / Appraisal",1.6k Reviews,10.3k Salaries,200 Interviews,94 Jobs,134 Benefits
601,JSW Bhushan Power & Steel,4.0,Iron & Steel | Jharsuguda +64 other locations,"Highly Rated For Skill Development / Learning, Work Life Balance  Critically Rated For Promotions / Appraisal",1.6k Reviews,4.9k Salaries,73 Interviews,-- Jobs,176 Benefits
602,KONE,4.1,Software Product | Chennai +72 other locations,"Highly Rated For Work Life Balance, Company Culture, Job Security  Critically Rated For Promotions / Appraisal",1.6k Reviews,5.6k Salaries,132 Interviews,58 Jobs,191 Benefits
603,Hitachi Astemo,4.1,Auto Components | Neemrana +51 other locations,"Highly Rated For Company Culture, Work Life Balance, Job Security  Critically Rated For Promotions / Appraisal",1.6k Reviews,6.1k Salaries,131 Interviews,-- Jobs,119 Benefits
604,BA Continuum,4.0,IT Services & Consulting | Hyderabad / Secunderabad +18 other locations,"Highly Rated For Job Security, Work Life Balance, Company Culture  Critically Rated For Promotions / Appraisal",1.6k Reviews,10.2k Salaries,111 Interviews,-- Jobs,289 Benefits
605,MagicBricks,4.1,Internet | Noida +34 other locations,"Highly Rated For Work Life Balance, Salary & Benefits, Company Culture",1.6k Reviews,4.4k Salaries,349 Interviews,28 Jobs,72 Benefits
606,Tata Play,4.0,Broadcasting | Mumbai +222 other locations,"Highly Rated For Salary & Benefits, Company Culture, Work Life Balance  Critically Rated For Promotions / Appraisal",1.6k Reviews,4.5k Salaries,87 Interviews,-- Jobs,181 Benefits
607,Johnson & Johnson,4.0,Healthcare | Mumbai +169 other locations,"Highly Rated For Company Culture, Work Life Balance, Skill Development / Learning  Critically Rated For Promotions / Appraisal",1.6k Reviews,5.8k Salaries,113 Interviews,10 Jobs,186 Benefits
608,Matrimony.com,4.0,Internet | Chennai +64 other locations,"Highly Rated For Company Culture, Work Life Balance, Job Security",1.6k Reviews,4.4k Salaries,99 Interviews,35 Jobs,66 Benefits
609,L.G.Balakrishnan & Bros,3.5,Auto Components | Coimbatore +60 other locations,"Highly Rated For Job Security  Critically Rated For Promotions / Appraisal, Salary & Benefits, Company Culture",1.6k Reviews,5.7k Salaries,79 Interviews,1 Jobs,119 Benefits
610,Procter & Gamble,4.0,FMCG | Mumbai +250 other locations,"Highly Rated For Company Culture, Skill Development / Learning, Work Life Balance",1.6k Reviews,5.7k Salaries,132 Interviews,-- Jobs,166 Benefits
611,BVG India,4.2,Facility Management Services | Pune +127 other locations,"Highly Rated For Work Life Balance, Company Culture, Work Satisfaction",1.6k Reviews,3.8k Salaries,155 Interviews,76 Jobs,99 Benefits
612,Arvind Group,4.0,Fashion & Textile | Ahmedabad +92 other locations,"Highly Rated For Work Life Balance, Job Security, Company Culture  Critically Rated For Promotions / Appraisal",1.6k Reviews,5.2k Salaries,77 Interviews,1 Jobs,296 Benefits
613,Compass Group Support Services,4.0,Facility Management Services | Bangalore / Bengaluru +75 other locations,"Highly Rated For Work Life Balance, Company Culture, Job Security  Critically Rated For Promotions / Appraisal",1.6k Reviews,5.3k Salaries,80 Interviews,33 Jobs,141 Benefits
614,Wipro Enterprises Ltd,3.8,FMCG | Bangalore / Bengaluru +121 other locations,"Highly Rated For Job Security  Critically Rated For Promotions / Appraisal, Salary & Benefits",1.6k Reviews,7.9k Salaries,198 Interviews,98 Jobs,433 Benefits
615,CG Power and Industrial Solutions,3.8,Electrical Equipment | Bhopal +90 other locations,Critically Rated For Promotions / Appraisal,1.6k Reviews,6.4k Salaries,101 Interviews,14 Jobs,213 Benefits
616,Vardhman Fabrics,4.0,Fashion & Textile | Baddi +61 other locations,"Highly Rated For Job Security, Company Culture, Work Life Balance  Critically Rated For Promotions / Appraisal, Salary & Benefits",1.6k Reviews,5.3k Salaries,76 Interviews,4 Jobs,147 Benefits
617,Hero Motors Company,3.9,Automobile | Ghaziabad +228 other locations,"Highly Rated For Work Life Balance, Company Culture, Job Security  Critically Rated For Promotions / Appraisal",1.6k Reviews,5.9k Salaries,94 Interviews,1 Jobs,120 Benefits
618,Rungta Mines,4.0,Metals & Mining | Chaibasa +56 other locations,"Highly Rated For Work Life Balance, Job Security, Salary & Benefits",1.6k Reviews,5.2k Salaries,163 Interviews,-- Jobs,58 Benefits
619,Chegg,4.1,EdTech | New Delhi +77 other locations,"Highly Rated For Work Life Balance, Company Culture, Work Satisfaction  Critically Rated For Job Security, Promotions / Appraisal",1.6k Reviews,4k Salaries,167 Interviews,2 Jobs,87 Benefits
620,HERE Technologies,3.8,IT Services & Consulting | Mumbai +19 other locations,"Highly Rated For Work Life Balance, Company Culture, Job Security  Critically Rated For Promotions / Appraisal, Salary & Benefits",1.6k Reviews,7.7k Salaries,111 Interviews,10 Jobs,285 Benefits
621,Suryoday Small Finance Bank,4.0,Banking | Mumbai +224 other locations,"Highly Rated For Skill Development / Learning, Salary & Benefits, Company Culture",1.6k Reviews,4.3k Salaries,93 Interviews,9 Jobs,86 Benefits
622,CMA CGM,3.9,Ports & Shipping | Chennai +36 other locations,"Highly Rated For Job Security, Company Culture, Work Life Balance  Critically Rated For Promotions / Appraisal",1.6k Reviews,8k Salaries,100 Interviews,14 Jobs,211 Benefits
623,IIFL SAMASTA,3.7,NBFC | Bangalore / Bengaluru +397 other locations,"Critically Rated For Company Culture, Work Satisfaction, Promotions / Appraisal",1.6k Reviews,3.1k Salaries,80 Interviews,2 Jobs,19 Benefits
624,Belrise Industries,3.7,Auto Components | Pune +58 other locations,Critically Rated For Promotions / Appraisal,1.6k Reviews,6k Salaries,104 Interviews,12 Jobs,97 Benefits
625,Patanjali Foods,3.8,FMCG | Haridwar +226 other locations,"Critically Rated For Promotions / Appraisal, Work Satisfaction, Skill Development / Learning",1.6k Reviews,4.3k Salaries,93 Interviews,1 Jobs,108 Benefits
626,Honda,4.1,Automobile | Gurgaon / Gurugram +226 other locations,"Highly Rated For Job Security, Company Culture, Work Life Balance",1.6k Reviews,4k Salaries,111 Interviews,3 Jobs,204 Benefits
627,Emami,3.8,FMCG | Kolkata +173 other locations,"Highly Rated For Work Life Balance, Job Security  Critically Rated For Promotions / Appraisal",1.6k Reviews,5.2k Salaries,102 Interviews,3 Jobs,131 Benefits
628,Clover Infotech,3.4,IT Services & Consulting | Mumbai +22 other locations,"Critically Rated For Promotions / Appraisal, Company Culture, Work Satisfaction",1.6k Reviews,11.5k Salaries,133 Interviews,88 Jobs,95 Benefits
629,Orchids International School,3.8,Education & Training | Bangalore / Bengaluru +34 other locations,Highly Rated For Skill Development / Learning  Critically Rated For Promotions / Appraisal,1.6k Reviews,3.7k Salaries,307 Interviews,22 Jobs,53 Benefits
630,Krishna Maruti,3.8,Auto Components | Gurgaon / Gurugram +50 other locations,"Highly Rated For Job Security, Work Life Balance  Critically Rated For Promotions / Appraisal",1.6k Reviews,5k Salaries,124 Interviews,-- Jobs,119 Benefits
631,Wockhardt,3.7,Pharma | Aurangabad +82 other locations,"Highly Rated For Work Life Balance  Critically Rated For Promotions / Appraisal, Salary & Benefits",1.6k Reviews,4k Salaries,63 Interviews,5 Jobs,178 Benefits
632,Tata Teleservices,3.8,Telecom | Mumbai +135 other locations,Highly Rated For Work Life Balance  Critically Rated For Promotions / Appraisal,1.6k Reviews,3.2k Salaries,34 Interviews,34 Jobs,259 Benefits
633,Marico,3.8,FMCG | Mumbai +180 other locations,"Highly Rated For Skill Development / Learning, Salary & Benefits  Critically Rated For Promotions / Appraisal",1.6k Reviews,5.5k Salaries,100 Interviews,16 Jobs,162 Benefits
634,ReNew,4.3,Power | Gurgaon / Gurugram +105 other locations,"Highly Rated For Job Security, Company Culture, Work Life Balance",1.6k Reviews,6k Salaries,125 Interviews,38 Jobs,96 Benefits
635,Welspun Living Limited,3.9,Fashion & Textile | Anjar +84 other locations,Highly Rated For Skill Development / Learning  Critically Rated For Promotions / Appraisal,1.6k Reviews,5k Salaries,85 Interviews,-- Jobs,150 Benefits
636,Coronis Ajuba Solutions,3.9,BPO | Chennai +31 other locations,"Highly Rated For Company Culture, Work Life Balance, Job Security  Critically Rated For Promotions / Appraisal",1.6k Reviews,5.6k Salaries,93 Interviews,9 Jobs,140 Benefits
637,Satin Creditcare Network,3.9,NBFC | Gurgaon / Gurugram +320 other locations,"Highly Rated For Salary & Benefits, Company Culture, Work Life Balance",1.5k Reviews,3k Salaries,63 Interviews,2 Jobs,129 Benefits
638,Godrej Industries Group,3.9,Real Estate | Mumbai +148 other locations,"Highly Rated For Job Security, Company Culture, Work Life Balance  Critically Rated For Promotions / Appraisal",1.5k Reviews,3k Salaries,144 Interviews,3 Jobs,155 Benefits
639,Veritas Finance,4.4,NBFC | Chennai +297 other locations,"Highly Rated For Company Culture, Work Life Balance, Salary & Benefits",1.5k Reviews,2.1k Salaries,85 Interviews,-- Jobs,36 Benefits
640,Tata 1mg,3.6,Internet | Gurgaon / Gurugram +64 other locations,"Critically Rated For Promotions / Appraisal, Work Satisfaction, Company Culture",1.5k Reviews,6.7k Salaries,211 Interviews,72 Jobs,99 Benefits
641,Toyota Kirloskar Motor,4.3,Automobile | Bangalore / Bengaluru +89 other locations,"Highly Rated For Company Culture, Skill Development / Learning, Job Security",1.5k Reviews,4.4k Salaries,75 Interviews,-- Jobs,164 Benefits
642,iOPEX Technologies,3.2,IT Services & Consulting | Chennai +16 other locations,"Critically Rated For Promotions / Appraisal, Company Culture, Work Satisfaction",1.5k Reviews,5.7k Salaries,85 Interviews,40 Jobs,530 Benefits
643,KFC,4.0,Hospitality | New Delhi +172 other locations,"Highly Rated For Skill Development / Learning, Company Culture, Job Security",1.5k Reviews,3k Salaries,81 Interviews,-- Jobs,153 Benefits
644,Supreme Industries,4.0,Petrochemicals | Gwalior +121 other locations,"Highly Rated For Job Security, Work Life Balance, Company Culture  Critically Rated For Promotions / Appraisal",1.5k Reviews,5.5k Salaries,89 Interviews,2 Jobs,113 Benefits
645,ZF Commercial Vehicle Control Systems,3.9,Auto Components | Chennai +48 other locations,Critically Rated For Promotions / Appraisal,1.5k Reviews,3.7k Salaries,75 Interviews,-- Jobs,6 Benefits
646,Mercer,3.6,Management Consulting | New Delhi +17 other locations,"Critically Rated For Promotions / Appraisal, Work Satisfaction, Skill Development / Learning",1.5k Reviews,9.8k Salaries,96 Interviews,66 Jobs,205 Benefits
647,Goldman Sachs,3.4,Financial Services | Bangalore / Bengaluru +23 other locations,"Critically Rated For Work Life Balance, Job Security, Promotions / Appraisal",1.5k Reviews,19.2k Salaries,406 Interviews,221 Jobs,100 Benefits
648,Relaxo Footwear,4.0,Fashion & Textile | New Delhi +156 other locations,"Highly Rated For Job Security, Work Life Balance, Salary & Benefits  Critically Rated For Promotions / Appraisal",1.5k Reviews,4.6k Salaries,105 Interviews,41 Jobs,142 Benefits
649,Dixon Technologies,3.9,Electronics Manufacturing | Noida +46 other locations,"Highly Rated For Job Security, Skill Development / Learning",1.5k Reviews,5.6k Salaries,136 Interviews,1 Jobs,116 Benefits
650,HCL Infosystems,4.0,IT Services & Consulting | Noida +104 other locations,"Highly Rated For Work Life Balance, Job Security, Company Culture",1.5k Reviews,7.2k Salaries,145 Interviews,5 Jobs,229 Benefits
651,Marriott International,4.1,Hospitality | Bangalore / Bengaluru +90 other locations,"Highly Rated For Job Security, Skill Development / Learning, Company Culture",1.5k Reviews,4.6k Salaries,99 Interviews,978 Jobs,184 Benefits
652,Cemindia Projects,4.2,Engineering & Construction | Mumbai +88 other locations,"Highly Rated For Job Security, Company Culture, Salary & Benefits",1.5k Reviews,2.1k Salaries,89 Interviews,-- Jobs,137 Benefits
653,Bajaj Capital,3.6,Financial Services | New Delhi +172 other locations,"Critically Rated For Promotions / Appraisal, Work Satisfaction, Job Security",1.5k Reviews,3.7k Salaries,156 Interviews,94 Jobs,101 Benefits
654,Amul India,4.0,Food Processing | Ahmedabad +205 other locations,"Highly Rated For Job Security, Work Life Balance, Company Culture  Critically Rated For Promotions / Appraisal",1.5k Reviews,4k Salaries,153 Interviews,1 Jobs,3 Benefits
655,IFB,3.6,Consumer Electronics & Appliances | Bangalore / Bengaluru +174 other locations,"Critically Rated For Promotions / Appraisal, Company Culture, Work Satisfaction",1.5k Reviews,5.3k Salaries,117 Interviews,-- Jobs,57 Benefits
656,Asahi India Glass,3.8,Auto Components | Chennai +86 other locations,"Highly Rated For Job Security, Skill Development / Learning  Critically Rated For Promotions / Appraisal, Salary & Benefits",1.5k Reviews,5.1k Salaries,106 Interviews,77 Jobs,129 Benefits
657,Broadridge Financial Solutions,3.8,FinTech | Hyderabad / Secunderabad +14 other locations,"Highly Rated For Job Security, Work Life Balance  Critically Rated For Promotions / Appraisal, Salary & Benefits",1.5k Reviews,10.7k Salaries,155 Interviews,41 Jobs,140 Benefits
658,Shriram Life Insurance,3.6,Insurance | Hyderabad / Secunderabad +318 other locations,"Critically Rated For Promotions / Appraisal, Work Satisfaction, Job Security",1.5k Reviews,4.6k Salaries,107 Interviews,64 Jobs,81 Benefits
659,NielsenIQ,3.5,Analytics & KPO | Chennai +52 other locations,"Critically Rated For Promotions / Appraisal, Salary & Benefits, Work Satisfaction",1.5k Reviews,9.2k Salaries,218 Interviews,5 Jobs,56 Benefits
660,Suguna Foods,4.0,Food Processing | Coimbatore +200 other locations,"Highly Rated For Company Culture, Work Life Balance, Skill Development / Learning  Critically Rated For Promotions / Appraisal",1.5k Reviews,4.1k Salaries,90 Interviews,14 Jobs,135 Benefits
661,Teva Pharmaceuticals,3.9,Pharma | Bangalore / Bengaluru +52 other locations,Highly Rated For Work Life Balance  Critically Rated For Promotions / Appraisal,1.5k Reviews,5.5k Salaries,114 Interviews,6 Jobs,178 Benefits
662,IndiaFirst Life Insurance,3.8,Insurance | Mumbai +241 other locations,Highly Rated For Salary & Benefits,1.5k Reviews,3.9k Salaries,78 Interviews,55 Jobs,102 Benefits
663,Dainik Bhaskar Group,4.2,Printing & Publishing | Bhopal +136 other locations,"Highly Rated For Company Culture, Skill Development / Learning, Work Life Balance",1.5k Reviews,4.4k Salaries,72 Interviews,28 Jobs,148 Benefits
664,Oracle Cerner,3.4,Software Product | Bangalore / Bengaluru +7 other locations,"Highly Rated For Work Life Balance  Critically Rated For Promotions / Appraisal, Skill Development / Learning, Salary & Benefits",1.5k Reviews,10.3k Salaries,168 Interviews,-- Jobs,254 Benefits
665,Nayara Energy,4.2,Oil & Gas | Jamnagar +97 other locations,"Highly Rated For Work Life Balance, Salary & Benefits, Job Security  Critically Rated For Promotions / Appraisal",1.5k Reviews,5.9k Salaries,94 Interviews,5 Jobs,168 Benefits
666,Gujarat Fluorochemicals,3.9,Chemicals | Bharuch +32 other locations,"Highly Rated For Job Security, Work Life Balance  Critically Rated For Promotions / Appraisal",1.5k Reviews,6.5k Salaries,103 Interviews,10 Jobs,129 Benefits
667,Tesco,3.6,Retail | Bangalore / Bengaluru +17 other locations,"Highly Rated For Job Security, Work Life Balance  Critically Rated For Promotions / Appraisal, Salary & Benefits, Work Satisfaction",1.5k Reviews,8.7k Salaries,147 Interviews,3 Jobs,189 Benefits
668,Urban Company,3.4,Internet | Gurgaon / Gurugram +59 other locations,"Critically Rated For Job Security, Promotions / Appraisal, Work Life Balance",1.5k Reviews,6.3k Salaries,159 Interviews,55 Jobs,96 Benefits
669,XL Dynamics,3.5,IT Services & Consulting | Mumbai +32 other locations,"Highly Rated For Salary & Benefits  Critically Rated For Job Security, Company Culture, Work Life Balance",1.5k Reviews,3.6k Salaries,94 Interviews,14 Jobs,193 Benefits
670,Bisleri,4.2,Beverage | Mumbai +175 other locations,"Highly Rated For Work Life Balance, Job Security, Salary & Benefits  Critically Rated For Promotions / Appraisal",1.5k Reviews,4.3k Salaries,110 Interviews,11 Jobs,141 Benefits
671,Lumax Industries,3.9,Auto Components | Gurgaon / Gurugram +41 other locations,"Highly Rated For Job Security, Skill Development / Learning  Critically Rated For Promotions / Appraisal",1.5k Reviews,5.6k Salaries,92 Interviews,14 Jobs,125 Benefits
672,Kotak Mahindra Prime,3.9,NBFC | Mumbai +169 other locations,"Highly Rated For Company Culture, Work Life Balance, Job Security  Critically Rated For Promotions / Appraisal",1.5k Reviews,5k Salaries,67 Interviews,-- Jobs,62 Benefits
673,Hinduja Leyland Finance,4.0,NBFC | Chennai +296 other locations,"Highly Rated For Work Life Balance, Company Culture  Critically Rated For Promotions / Appraisal",1.5k Reviews,2.9k Salaries,53 Interviews,2 Jobs,69 Benefits
674,Evalueserve,3.1,Analytics & KPO | Gurgaon / Gurugram +15 other locations,"Critically Rated For Promotions / Appraisal, Salary & Benefits, Work Satisfaction",1.5k Reviews,10.3k Salaries,139 Interviews,75 Jobs,136 Benefits
675,Max Fashion,4.1,Retail | Bangalore / Bengaluru +153 other locations,"Highly Rated For Job Security, Skill Development / Learning, Company Culture",1.5k Reviews,3.4k Salaries,73 Interviews,2 Jobs,174 Benefits
676,Taurus BPO Services,4.2,BPO | Pune +23 other locations,"Highly Rated For Company Culture, Work Life Balance, Work Satisfaction",1.5k Reviews,912 Salaries,34 Interviews,-- Jobs,516 Benefits
677,Tanishq,4.2,Jewellery | Kolkata +233 other locations,"Highly Rated For Skill Development / Learning, Company Culture, Work Satisfaction",1.5k Reviews,3k Salaries,102 Interviews,-- Jobs,67 Benefits
678,Steel Strips Wheels,3.7,Auto Components | Chennai +51 other locations,"Critically Rated For Company Culture, Work Satisfaction, Promotions / Appraisal",1.5k Reviews,5.3k Salaries,85 Interviews,9 Jobs,117 Benefits
679,GMR Group,4.0,Engineering & Construction | New Delhi +71 other locations,"Highly Rated For Job Security, Work Life Balance, Company Culture  Critically Rated For Promotions / Appraisal",1.5k Reviews,4.5k Salaries,100 Interviews,60 Jobs,185 Benefits
680,Ashoka Buildcon,4.1,Engineering & Construction | Nashik +152 other locations,"Highly Rated For Company Culture, Work Life Balance, Work Satisfaction  Critically Rated For Promotions / Appraisal",1.5k Reviews,4k Salaries,80 Interviews,12 Jobs,125 Benefits
681,Honeywell Technology Solutions,3.7,Industrial Automation | Bangalore / Bengaluru +18 other locations,"Highly Rated For Job Security  Critically Rated For Promotions / Appraisal, Work Satisfaction, Salary & Benefits",1.5k Reviews,11.3k Salaries,162 Interviews,-- Jobs,203 Benefits
682,Sanofi,4.0,Pharma | Hyderabad / Secunderabad +88 other locations,"Highly Rated For Work Life Balance, Company Culture, Skill Development / Learning  Critically Rated For Promotions / Appraisal",1.5k Reviews,5.4k Salaries,90 Interviews,40 Jobs,149 Benefits
683,QualityKiosk Technologies,3.3,IT Services & Consulting | Mumbai +20 other locations,"Critically Rated For Promotions / Appraisal, Salary & Benefits, Work Satisfaction",1.4k Reviews,10.9k Salaries,162 Interviews,268 Jobs,98 Benefits
684,Page Industries,4.2,Fashion & Textile | Bangalore / Bengaluru +163 other locations,"Highly Rated For Job Security, Work Life Balance, Company Culture  Critically Rated For Promotions / Appraisal",1.4k Reviews,4.7k Salaries,70 Interviews,3 Jobs,103 Benefits
685,Karur Vysya Bank,3.5,Banking | Chennai +188 other locations,"Critically Rated For Promotions / Appraisal, Work Satisfaction, Company Culture",1.4k Reviews,4.6k Salaries,102 Interviews,14 Jobs,59 Benefits
686,Oberoi Group of Hotels,4.1,Hospitality | New Delhi +38 other locations,"Highly Rated For Job Security, Skill Development / Learning, Company Culture",1.4k Reviews,3.8k Salaries,96 Interviews,-- Jobs,226 Benefits
687,GE VERNOVA,4.1,Power | Bangalore / Bengaluru +82 other locations,"Highly Rated For Company Culture, Work Life Balance, Work Satisfaction  Critically Rated For Promotions / Appraisal",1.4k Reviews,5.2k Salaries,106 Interviews,266 Jobs,4 Benefits
688,Canara Bank,3.5,Banking | Bangalore / Bengaluru +213 other locations,"Highly Rated For Job Security  Critically Rated For Company Culture, Work Life Balance, Work Satisfaction",1.4k Reviews,3.9k Salaries,48 Interviews,-- Jobs,96 Benefits
689,Gland Pharma,3.9,Pharma | Hyderabad / Secunderabad +35 other locations,"Highly Rated For Work Life Balance, Job Security",1.4k Reviews,6k Salaries,86 Interviews,-- Jobs,120 Benefits
690,Piramal Pharma,4.0,Pharma | Mumbai +83 other locations,"Highly Rated For Job Security, Company Culture, Work Life Balance  Critically Rated For Promotions / Appraisal",1.4k Reviews,6.2k Salaries,117 Interviews,35 Jobs,101 Benefits
691,Schindler,3.9,Industrial Machinery | Pune +70 other locations,"Highly Rated For Skill Development / Learning, Company Culture, Salary & Benefits  Critically Rated For Promotions / Appraisal",1.4k Reviews,5.2k Salaries,98 Interviews,38 Jobs,115 Benefits
692,SAI Life Sciences,3.9,Clinical Research | Hyderabad / Secunderabad +25 other locations,"Highly Rated For Salary & Benefits, Company Culture, Skill Development / Learning  Critically Rated For Promotions / Appraisal",1.4k Reviews,5.9k Salaries,101 Interviews,37 Jobs,130 Benefits
693,ISS Facility Services,4.0,Facility Management Services | Mumbai +66 other locations,"Highly Rated For Company Culture, Work Life Balance, Job Security  Critically Rated For Promotions / Appraisal",1.4k Reviews,4.1k Salaries,67 Interviews,15 Jobs,132 Benefits
694,Daimler India Commercial Vehicles,3.9,Automobile | Chennai +48 other locations,"Highly Rated For Work Life Balance, Job Security, Company Culture  Critically Rated For Promotions / Appraisal",1.4k Reviews,6.6k Salaries,69 Interviews,7 Jobs,174 Benefits
695,Wheelseye Technology,3.5,Internet | Gurgaon / Gurugram +223 other locations,"Critically Rated For Promotions / Appraisal, Job Security, Company Culture",1.4k Reviews,3.8k Salaries,112 Interviews,22 Jobs,99 Benefits
696,Tata Group,4.2,IT Services & Consulting | Mumbai +169 other locations,"Highly Rated For Job Security, Company Culture, Work Life Balance",1.4k Reviews,5.4k Salaries,379 Interviews,1 Jobs,140 Benefits
697,Tata Consumer Products,3.5,FMCG | Bangalore / Bengaluru +220 other locations,"Critically Rated For Promotions / Appraisal, Company Culture, Work Satisfaction",1.4k Reviews,5.6k Salaries,98 Interviews,6 Jobs,77 Benefits
698,Aon,3.8,Management Consulting | Gurgaon / Gurugram +24 other locations,"Highly Rated For Job Security, Company Culture, Work Life Balance  Critically Rated For Promotions / Appraisal, Salary & Benefits",1.4k Reviews,5.9k Salaries,83 Interviews,40 Jobs,203 Benefits
699,NIIT,3.5,Education & Training | Gurgaon / Gurugram +103 other locations,"Critically Rated For Promotions / Appraisal, Salary & Benefits, Work Satisfaction",1.4k Reviews,5.9k Salaries,107 Interviews,32 Jobs,160 Benefits
700,Devyani International,3.8,Hospitality | New Delhi +131 other locations,Highly Rated For Skill Development / Learning  Critically Rated For Promotions / Appraisal,1.4k Reviews,3.3k Salaries,68 Interviews,12 Jobs,114 Benefits
701,Acmegrade,3.9,EdTech | Bangalore / Bengaluru +20 other locations,"Highly Rated For Company Culture, Work Satisfaction, Job Security",1.4k Reviews,255 Salaries,65 Interviews,1 Jobs,1 Benefits
702,Tata AutoComp Systems,3.8,Auto Components | Pune +43 other locations,"Highly Rated For Job Security  Critically Rated For Promotions / Appraisal, Salary & Benefits",1.4k Reviews,6.5k Salaries,111 Interviews,28 Jobs,94 Benefits
703,Indoco Remedies,3.4,Pharma | Mumbai +85 other locations,"Critically Rated For Promotions / Appraisal, Job Security, Company Culture",1.4k Reviews,5.6k Salaries,85 Interviews,4 Jobs,107 Benefits
704,SHYAM METALICS AND ENERGY,3.4,Metals & Mining | Sambalpur +75 other locations,"Critically Rated For Promotions / Appraisal, Company Culture, Work Satisfaction",1.4k Reviews,4.5k Salaries,145 Interviews,6 Jobs,43 Benefits
705,Valeo,3.9,Auto Components | Chennai +23 other locations,"Highly Rated For Work Life Balance, Company Culture, Job Security  Critically Rated For Promotions / Appraisal",1.4k Reviews,7.9k Salaries,103 Interviews,105 Jobs,127 Benefits
706,Hyatt Regency,4.1,Hospitality | New Delhi +49 other locations,"Highly Rated For Job Security, Skill Development / Learning, Company Culture",1.4k Reviews,3k Salaries,55 Interviews,12 Jobs,194 Benefits
707,Agilus Diagnostics,4.1,Healthcare | Mumbai +135 other locations,"Highly Rated For Work Life Balance, Company Culture, Work Satisfaction  Critically Rated For Promotions / Appraisal",1.4k Reviews,3.3k Salaries,82 Interviews,12 Jobs,131 Benefits
708,AB InBev India,3.3,Beverage | Bangalore / Bengaluru +77 other locations,"Critically Rated For Promotions / Appraisal, Job Security, Work Satisfaction",1.4k Reviews,7.7k Salaries,109 Interviews,74 Jobs,144 Benefits
709,Bharat Forge,3.8,Auto Components | Pune +29 other locations,"Critically Rated For Promotions / Appraisal, Salary & Benefits, Company Culture",1.4k Reviews,6.3k Salaries,74 Interviews,4 Jobs,117 Benefits
710,Sonata Software,3.4,IT Services & Consulting | Bangalore / Bengaluru +16 other locations,"Critically Rated For Promotions / Appraisal, Salary & Benefits, Job Security",1.4k Reviews,11.1k Salaries,134 Interviews,151 Jobs,80 Benefits
711,Narayana Educational Society,3.6,Education & Training | Hyderabad / Secunderabad +144 other locations,"Critically Rated For Promotions / Appraisal, Company Culture, Work Life Balance",1.4k Reviews,4.1k Salaries,66 Interviews,5 Jobs,118 Benefits
712,Apco Infratech,3.8,Engineering & Construction | Lucknow +92 other locations,"Critically Rated For Job Security, Company Culture, Promotions / Appraisal",1.4k Reviews,4.2k Salaries,134 Interviews,50 Jobs,108 Benefits
713,IDC Technologies,3.1,IT Services & Consulting | Noida +66 other locations,"Critically Rated For Job Security, Promotions / Appraisal, Company Culture",1.4k Reviews,6.9k Salaries,76 Interviews,7 Jobs,48 Benefits
714,Heritage Foods,4.1,Food Processing | Hyderabad / Secunderabad +124 other locations,"Highly Rated For Company Culture, Work Life Balance, Job Security",1.4k Reviews,3.7k Salaries,98 Interviews,25 Jobs,142 Benefits
715,V5 Global Services,3.9,Recruitment | New Delhi +213 other locations,"Highly Rated For Company Culture, Work Life Balance  Critically Rated For Promotions / Appraisal",1.4k Reviews,3.5k Salaries,87 Interviews,1 Jobs,72 Benefits
716,Chetu,3.4,Software Product | Noida +13 other locations,"Critically Rated For Job Security, Company Culture, Work Life Balance",1.4k Reviews,7.3k Salaries,221 Interviews,5 Jobs,102 Benefits
717,Sony,4.1,Consumer Electronics & Appliances | New Delhi +144 other locations,"Highly Rated For Company Culture, Work Life Balance, Work Satisfaction  Critically Rated For Promotions / Appraisal",1.4k Reviews,4.5k Salaries,81 Interviews,2 Jobs,191 Benefits
718,Amneal Pharmaceuticals,4.2,Pharma | Ahmedabad +43 other locations,"Highly Rated For Work Life Balance, Job Security, Company Culture",1.4k Reviews,6k Salaries,82 Interviews,50 Jobs,136 Benefits
719,Health Care Global Enterprises,4.1,Healthcare | Bangalore / Bengaluru +51 other locations,"Highly Rated For Company Culture, Job Security, Skill Development / Learning",1.4k Reviews,2.7k Salaries,116 Interviews,68 Jobs,26 Benefits
720,J. Kumar Infraprojects,4.1,Engineering & Construction | Mumbai +40 other locations,"Highly Rated For Work Life Balance, Job Security, Work Satisfaction",1.4k Reviews,4.4k Salaries,89 Interviews,4 Jobs,116 Benefits
721,Acuity Knowledge Partners,3.2,Analytics & KPO | Bangalore / Bengaluru +16 other locations,"Critically Rated For Promotions / Appraisal, Skill Development / Learning, Salary & Benefits",1.4k Reviews,11.4k Salaries,169 Interviews,107 Jobs,78 Benefits
722,The Muthoot Group,3.6,Financial Services | New Delhi +307 other locations,"Critically Rated For Promotions / Appraisal, Company Culture, Work Satisfaction",1.4k Reviews,3.8k Salaries,83 Interviews,-- Jobs,227 Benefits
723,CIE Automotive India Limited (Formerly known as Mahindra CIE Automotive Limited),3.6,Auto Components | Pune +47 other locations,"Critically Rated For Promotions / Appraisal, Company Culture, Work Satisfaction",1.4k Reviews,4.8k Salaries,88 Interviews,1 Jobs,1 Benefits
724,Xiaomi,3.8,Consumer Electronics & Appliances | Bangalore / Bengaluru +211 other locations,"Critically Rated For Promotions / Appraisal, Job Security",1.4k Reviews,5.5k Salaries,110 Interviews,19 Jobs,128 Benefits
725,Airtel Payments Bank,3.9,Banking | Gurgaon / Gurugram +322 other locations,Highly Rated For Work Life Balance  Critically Rated For Promotions / Appraisal,1.4k Reviews,4.8k Salaries,99 Interviews,18 Jobs,108 Benefits
726,Tietoevry,4.2,IT Services & Consulting | Pune +14 other locations,"Highly Rated For Work Life Balance, Company Culture, Work Satisfaction",1.4k Reviews,9.4k Salaries,102 Interviews,68 Jobs,114 Benefits
727,PNB Housing Finance,3.8,NBFC | New Delhi +168 other locations,Highly Rated For Job Security  Critically Rated For Promotions / Appraisal,1.4k Reviews,4.4k Salaries,53 Interviews,3 Jobs,86 Benefits
728,VLCC,3.3,Beauty & Personal Care | New Delhi +111 other locations,"Critically Rated For Promotions / Appraisal, Work Satisfaction, Company Culture",1.4k Reviews,3.2k Salaries,52 Interviews,28 Jobs,95 Benefits
729,TCS iON,3.9,IT Services & Consulting | Chennai +114 other locations,"Highly Rated For Job Security, Company Culture  Critically Rated For Promotions / Appraisal, Salary & Benefits",1.4k Reviews,4.1k Salaries,397 Interviews,-- Jobs,176 Benefits
730,Jaquar,4.1,Building Material | Gurgaon / Gurugram +115 other locations,"Highly Rated For Job Security, Work Life Balance, Company Culture  Critically Rated For Promotions / Appraisal",1.4k Reviews,4.8k Salaries,81 Interviews,11 Jobs,119 Benefits
731,Happiest Minds Technologies,3.4,IT Services & Consulting | Bangalore / Bengaluru +17 other locations,"Critically Rated For Promotions / Appraisal, Salary & Benefits, Work Satisfaction",1.4k Reviews,12k Salaries,147 Interviews,474 Jobs,93 Benefits
732,Amara Raja Energy & Mobility,4.1,Auto Components | Tirupati +92 other locations,"Highly Rated For Job Security, Company Culture, Work Life Balance  Critically Rated For Promotions / Appraisal",1.4k Reviews,3.9k Salaries,104 Interviews,-- Jobs,113 Benefits
733,FedEx Express,3.9,Logistics | Mumbai +93 other locations,"Highly Rated For Work Life Balance, Job Security, Company Culture  Critically Rated For Promotions / Appraisal",1.4k Reviews,4.9k Salaries,107 Interviews,32 Jobs,189 Benefits
734,Indegene,3.3,Analytics & KPO | Bangalore / Bengaluru +32 other locations,"Critically Rated For Promotions / Appraisal, Work Satisfaction, Skill Development / Learning",1.4k Reviews,9.3k Salaries,168 Interviews,192 Jobs,121 Benefits
735,Morningstar,3.7,Financial Services | Mumbai +18 other locations,"Highly Rated For Work Life Balance, Company Culture, Job Security  Critically Rated For Promotions / Appraisal, Salary & Benefits, Work Satisfaction",1.4k Reviews,9.7k Salaries,259 Interviews,136 Jobs,120 Benefits
736,Unisys,3.5,IT Services & Consulting | Bangalore / Bengaluru +18 other locations,"Critically Rated For Promotions / Appraisal, Skill Development / Learning, Work Satisfaction",1.4k Reviews,9.9k Salaries,80 Interviews,16 Jobs,147 Benefits
737,Faurecia,3.9,Auto Components | Pune +28 other locations,"Highly Rated For Company Culture, Skill Development / Learning  Critically Rated For Promotions / Appraisal",1.4k Reviews,6.1k Salaries,70 Interviews,5 Jobs,181 Benefits
738,Vfs Global Services,3.4,IT Services & Consulting | Mumbai +32 other locations,"Critically Rated For Promotions / Appraisal, Salary & Benefits, Company Culture",1.4k Reviews,4.3k Salaries,70 Interviews,4 Jobs,120 Benefits
739,Muthoot Microfin,4.1,NBFC | Kochi +375 other locations,"Highly Rated For Work Life Balance, Job Security, Skill Development / Learning",1.4k Reviews,2.5k Salaries,68 Interviews,6 Jobs,64 Benefits
740,Paytm Payments Bank,3.8,Banking | Noida +137 other locations,"Highly Rated For Work Life Balance, Work Satisfaction, Salary & Benefits  Critically Rated For Job Security, Promotions / Appraisal",1.4k Reviews,5.7k Salaries,138 Interviews,1 Jobs,116 Benefits
741,Sansera Engineering,4.0,Auto Components | Bangalore / Bengaluru +28 other locations,"Highly Rated For Skill Development / Learning, Company Culture, Work Life Balance  Critically Rated For Promotions / Appraisal, Salary & Benefits",1.4k Reviews,5.4k Salaries,92 Interviews,10 Jobs,110 Benefits
742,AtkinsRealis,3.7,Engineering & Construction | Bangalore / Bengaluru +55 other locations,"Highly Rated For Work Life Balance  Critically Rated For Promotions / Appraisal, Work Satisfaction, Salary & Benefits",1.4k Reviews,5.7k Salaries,102 Interviews,333 Jobs,91 Benefits
743,Altimetrik,3.6,IT Services & Consulting | Bangalore / Bengaluru +14 other locations,"Highly Rated For Salary & Benefits  Critically Rated For Job Security, Promotions / Appraisal, Work Satisfaction",1.4k Reviews,11.2k Salaries,254 Interviews,711 Jobs,107 Benefits
744,Aforeserve,3.4,IT Services & Consulting | Mumbai +158 other locations,"Critically Rated For Promotions / Appraisal, Salary & Benefits, Job Security",1.4k Reviews,3.7k Salaries,89 Interviews,15 Jobs,88 Benefits
745,Infogain,3.5,IT Services & Consulting | Noida +23 other locations,"Critically Rated For Promotions / Appraisal, Job Security, Salary & Benefits",1.4k Reviews,10.9k Salaries,133 Interviews,166 Jobs,119 Benefits
746,DCM Shriram,4.1,Chemicals | Bharuch +108 other locations,"Highly Rated For Job Security, Company Culture, Work Life Balance",1.3k Reviews,4.7k Salaries,106 Interviews,5 Jobs,119 Benefits
747,Slk Software Services,3.2,IT Services & Consulting | Bangalore / Bengaluru +15 other locations,"Critically Rated For Promotions / Appraisal, Salary & Benefits, Work Satisfaction",1.3k Reviews,9.3k Salaries,110 Interviews,231 Jobs,90 Benefits
748,Oracle Financial Services Software,3.4,Software Product | Bangalore / Bengaluru +21 other locations,"Highly Rated For Job Security  Critically Rated For Promotions / Appraisal, Salary & Benefits, Skill Development / Learning",1.3k Reviews,11.1k Salaries,191 Interviews,-- Jobs,183 Benefits
749,Northern Trust,3.5,Financial Services | Bangalore / Bengaluru +18 other locations,"Critically Rated For Promotions / Appraisal, Work Satisfaction, Salary & Benefits",1.3k Reviews,10.4k Salaries,129 Interviews,1 Jobs,2 Benefits
750,Sheenlac Paints,4.2,Chemicals | Chennai +162 other locations,"Highly Rated For Work Life Balance, Salary & Benefits, Company Culture",1.3k Reviews,1.7k Salaries,209 Interviews,3 Jobs,44 Benefits
751,JioMart,3.9,Retail | Mumbai +299 other locations,"Highly Rated For Company Culture, Work Life Balance, Skill Development / Learning  Critically Rated For Promotions / Appraisal",1.3k Reviews,4k Salaries,113 Interviews,-- Jobs,74 Benefits
752,Big Bazaar,4.4,Retail | New Delhi +159 other locations,"Highly Rated For Company Culture, Skill Development / Learning, Work Satisfaction",1.3k Reviews,2.3k Salaries,46 Interviews,-- Jobs,191 Benefits
753,Kantar,3.5,Analytics & KPO | Bangalore / Bengaluru +44 other locations,"Critically Rated For Promotions / Appraisal, Salary & Benefits, Work Satisfaction",1.3k Reviews,6.6k Salaries,113 Interviews,7 Jobs,77 Benefits
754,SBFC Finance,3.7,NBFC | Mumbai +211 other locations,"Critically Rated For Job Security, Promotions / Appraisal",1.3k Reviews,2.7k Salaries,78 Interviews,44 Jobs,47 Benefits
755,Adobe,3.8,Software Product | Bangalore / Bengaluru +21 other locations,"Highly Rated For Company Culture, Work Life Balance  Critically Rated For Promotions / Appraisal, Work Satisfaction",1.3k Reviews,12.2k Salaries,260 Interviews,142 Jobs,150 Benefits
756,Sharekhan,3.7,Financial Services | Mumbai +113 other locations,"Critically Rated For Promotions / Appraisal, Salary & Benefits, Work Satisfaction",1.3k Reviews,4.9k Salaries,96 Interviews,48 Jobs,115 Benefits
757,Collabera Talent Solutions,3.4,Recruitment | Bangalore / Bengaluru +43 other locations,"Critically Rated For Promotions / Appraisal, Job Security, Salary & Benefits",1.3k Reviews,6.9k Salaries,148 Interviews,7 Jobs,109 Benefits
758,EOSGlobe,2.9,BPO | Mumbai +29 other locations,"Critically Rated For Promotions / Appraisal, Salary & Benefits, Work Satisfaction",1.3k Reviews,3.8k Salaries,90 Interviews,5 Jobs,85 Benefits
759,Worley,4.1,Engineering & Construction | Mumbai +54 other locations,"Highly Rated For Work Life Balance, Company Culture, Work Satisfaction  Critically Rated For Promotions / Appraisal",1.3k Reviews,7.2k Salaries,135 Interviews,48 Jobs,115 Benefits
760,Eaton,3.9,Electronics Manufacturing | Pune +22 other locations,"Highly Rated For Work Life Balance, Job Security, Company Culture  Critically Rated For Promotions / Appraisal",1.3k Reviews,7.8k Salaries,145 Interviews,2 Jobs,125 Benefits
761,Amity University,3.6,Education & Training | Noida +86 other locations,"Highly Rated For Job Security  Critically Rated For Promotions / Appraisal, Skill Development / Learning, Salary & Benefits",1.3k Reviews,5.1k Salaries,110 Interviews,71 Jobs,120 Benefits
762,Bharat FIH,3.7,Electronics Manufacturing | Chennai +39 other locations,"Critically Rated For Promotions / Appraisal, Job Security, Salary & Benefits",1.3k Reviews,5.4k Salaries,90 Interviews,-- Jobs,75 Benefits
763,Fusion Finance,3.9,NBFC | New Delhi +330 other locations,"Highly Rated For Company Culture, Work Life Balance, Salary & Benefits",1.3k Reviews,3k Salaries,55 Interviews,3 Jobs,74 Benefits
764,NSE.IT,3.5,IT Services & Consulting | Mumbai +152 other locations,"Critically Rated For Promotions / Appraisal, Salary & Benefits, Work Satisfaction",1.3k Reviews,6k Salaries,137 Interviews,-- Jobs,113 Benefits
765,Continental Automotive Components,3.9,Auto Components | Bangalore / Bengaluru +21 other locations,"Highly Rated For Work Life Balance, Company Culture  Critically Rated For Promotions / Appraisal",1.3k Reviews,9.1k Salaries,80 Interviews,6 Jobs,129 Benefits
766,Fino Payments Bank,3.9,Banking | Mumbai +265 other locations,"Highly Rated For Work Life Balance, Job Security  Critically Rated For Promotions / Appraisal",1.3k Reviews,4k Salaries,63 Interviews,12 Jobs,96 Benefits
767,Unichem Laboratories,3.7,Pharma | Ghaziabad +77 other locations,"Highly Rated For Job Security  Critically Rated For Promotions / Appraisal, Company Culture, Salary & Benefits",1.3k Reviews,5.1k Salaries,94 Interviews,7 Jobs,123 Benefits
768,Nykaa,3.4,Internet | Mumbai +114 other locations,"Critically Rated For Promotions / Appraisal, Company Culture, Work Satisfaction",1.3k Reviews,6.5k Salaries,137 Interviews,1 Jobs,57 Benefits
769,MedPlus,3.6,Retail | Hyderabad / Secunderabad +133 other locations,"Critically Rated For Promotions / Appraisal, Company Culture, Work Satisfaction",1.3k Reviews,4.1k Salaries,102 Interviews,35 Jobs,58 Benefits
770,Bajaj Housing Finance,3.6,NBFC | Pune +168 other locations,"Critically Rated For Work Life Balance, Company Culture, Work Satisfaction",1.3k Reviews,5.9k Salaries,69 Interviews,27 Jobs,59 Benefits
771,GE,4.1,Defence & Aerospace | Bangalore / Bengaluru +76 other locations,"Highly Rated For Company Culture, Work Life Balance, Work Satisfaction  Critically Rated For Promotions / Appraisal",1.3k Reviews,7.4k Salaries,111 Interviews,20 Jobs,178 Benefits
772,Hindware Limited,3.9,Building Material | Hyderabad / Secunderabad +132 other locations,Highly Rated For Work Life Balance  Critically Rated For Promotions / Appraisal,1.3k Reviews,4.6k Salaries,80 Interviews,-- Jobs,129 Benefits
773,Aditya Birla Finance,3.9,NBFC | Mumbai +202 other locations,"Highly Rated For Company Culture, Work Life Balance, Skill Development / Learning  Critically Rated For Promotions / Appraisal",1.3k Reviews,5.2k Salaries,53 Interviews,2 Jobs,47 Benefits
774,TEKsystems,3.2,IT Services & Consulting | Bangalore / Bengaluru +18 other locations,"Critically Rated For Promotions / Appraisal, Job Security, Skill Development / Learning",1.3k Reviews,10.3k Salaries,134 Interviews,25 Jobs,78 Benefits
775,Iffco Tokio General Insurance Co.,3.7,Insurance | Gurgaon / Gurugram +274 other locations,"Critically Rated For Promotions / Appraisal, Salary & Benefits",1.3k Reviews,3.9k Salaries,48 Interviews,-- Jobs,113 Benefits
776,TÜV SÜD,4.0,Engineering & Construction | Bangalore / Bengaluru +125 other locations,"Highly Rated For Company Culture, Work Life Balance, Work Satisfaction  Critically Rated For Promotions / Appraisal",1.3k Reviews,3.8k Salaries,91 Interviews,64 Jobs,97 Benefits
777,Burger King,3.9,Hospitality | New Delhi +107 other locations,"Highly Rated For Salary & Benefits, Job Security, Skill Development / Learning",1.3k Reviews,3.5k Salaries,91 Interviews,1 Jobs,135 Benefits
778,Kalpataru Limited,4.3,Real Estate | Mumbai +83 other locations,"Highly Rated For Job Security, Work Life Balance, Skill Development / Learning",1.3k Reviews,4.2k Salaries,223 Interviews,14 Jobs,78 Benefits
779,iMerit,3.2,IT Services & Consulting | Kolkata +20 other locations,"Critically Rated For Promotions / Appraisal, Salary & Benefits, Skill Development / Learning",1.3k Reviews,5.2k Salaries,114 Interviews,6 Jobs,97 Benefits
780,FDC,3.8,Pharma | Mumbai +124 other locations,"Critically Rated For Promotions / Appraisal, Salary & Benefits",1.3k Reviews,3.7k Salaries,65 Interviews,2 Jobs,84 Benefits
781,Aptara,3.1,Content Development | Noida +14 other locations,"Critically Rated For Promotions / Appraisal, Salary & Benefits, Skill Development / Learning",1.3k Reviews,6.2k Salaries,72 Interviews,5 Jobs,112 Benefits
782,Chandigarh University,4.0,Education & Training | Chandigarh +49 other locations,"Highly Rated For Work Life Balance, Job Security, Skill Development / Learning",1.3k Reviews,2.8k Salaries,105 Interviews,137 Jobs,50 Benefits
783,Cinépolis,3.8,Media & Entertainment | New Delhi +59 other locations,"Highly Rated For Company Culture  Critically Rated For Promotions / Appraisal, Salary & Benefits",1.3k Reviews,2.9k Salaries,77 Interviews,3 Jobs,150 Benefits
784,Novo Nordisk,3.6,Pharma | Bangalore / Bengaluru +74 other locations,"Highly Rated For Work Life Balance  Critically Rated For Promotions / Appraisal, Job Security, Work Satisfaction",1.3k Reviews,6.2k Salaries,95 Interviews,119 Jobs,129 Benefits
785,Rashmi Metaliks,3.2,Iron & Steel | Kharagpur +42 other locations,"Critically Rated For Company Culture, Job Security, Promotions / Appraisal",1.3k Reviews,4.5k Salaries,111 Interviews,3 Jobs,63 Benefits
786,JSW Cement,4.1,Building Material | Mumbai +139 other locations,"Highly Rated For Job Security, Company Culture, Work Life Balance  Critically Rated For Promotions / Appraisal",1.3k Reviews,4.3k Salaries,130 Interviews,-- Jobs,103 Benefits
787,City Union Bank,3.0,Banking | Chennai +186 other locations,"Critically Rated For Promotions / Appraisal, Company Culture, Work Life Balance",1.3k Reviews,5.5k Salaries,115 Interviews,13 Jobs,60 Benefits
788,Atul,3.9,Chemicals | Valsad +64 other locations,"Highly Rated For Job Security, Work Life Balance, Company Culture  Critically Rated For Promotions / Appraisal",1.3k Reviews,5.2k Salaries,96 Interviews,12 Jobs,113 Benefits
789,VOIS,3.8,IT Services & Consulting | Pune +21 other locations,"Highly Rated For Work Life Balance, Job Security, Company Culture  Critically Rated For Promotions / Appraisal",1.3k Reviews,7.4k Salaries,174 Interviews,43 Jobs,13 Benefits
790,CreditAccess Grameen,4.0,NBFC | Bangalore / Bengaluru +337 other locations,"Highly Rated For Company Culture, Job Security, Work Life Balance",1.3k Reviews,2.6k Salaries,51 Interviews,15 Jobs,67 Benefits
791,Incedo,3.0,IT Services & Consulting | Gurgaon / Gurugram +12 other locations,"Critically Rated For Promotions / Appraisal, Work Satisfaction, Job Security",1.3k Reviews,9.8k Salaries,200 Interviews,33 Jobs,111 Benefits
792,Spicejet,3.4,Aviation | New Delhi +60 other locations,"Critically Rated For Promotions / Appraisal, Salary & Benefits, Job Security",1.3k Reviews,5.2k Salaries,98 Interviews,1 Jobs,153 Benefits
793,VIBGYOR Group of Schools,3.4,Education & Training | Bangalore / Bengaluru +37 other locations,"Critically Rated For Job Security, Promotions / Appraisal, Company Culture",1.3k Reviews,4.1k Salaries,95 Interviews,153 Jobs,102 Benefits
794,TE Connectivity,4.1,Electronics Manufacturing | Bangalore / Bengaluru +22 other locations,"Highly Rated For Company Culture, Work Life Balance, Job Security  Critically Rated For Promotions / Appraisal",1.3k Reviews,7.1k Salaries,99 Interviews,64 Jobs,149 Benefits
795,Bluestock ™,4.5,FinTech | Pune +42 other locations,"Highly Rated For Work Life Balance, Skill Development / Learning, Company Culture",1.3k Reviews,50 Salaries,385 Interviews,-- Jobs,1 Benefits
796,Sunknowledge Services,3.5,BPO | Kolkata +13 other locations,"Highly Rated For Job Security  Critically Rated For Promotions / Appraisal, Salary & Benefits, Company Culture",1.3k Reviews,3.6k Salaries,104 Interviews,8 Jobs,202 Benefits
797,Hindustan Construction Company,4.3,Engineering & Construction | Mumbai +93 other locations,"Highly Rated For Company Culture, Job Security, Work Satisfaction",1.3k Reviews,3.1k Salaries,90 Interviews,5 Jobs,158 Benefits
798,AGS Transact Technologies,2.8,FinTech | Mumbai +123 other locations,"Critically Rated For Promotions / Appraisal, Salary & Benefits, Job Security",1.3k Reviews,3.9k Salaries,43 Interviews,-- Jobs,128 Benefits
799,Fabindia,3.8,Retail | New Delhi +83 other locations,"Highly Rated For Work Life Balance, Job Security, Company Culture  Critically Rated For Promotions / Appraisal, Salary & Benefits",1.3k Reviews,4k Salaries,59 Interviews,8 Jobs,120 Benefits
800,Nippon Paint India,4.0,Chemicals | Chennai +162 other locations,"Highly Rated For Company Culture, Work Life Balance, Skill Development / Learning  Critically Rated For Promotions / Appraisal",1.3k Reviews,3.8k Salaries,76 Interviews,2 Jobs,84 Benefits
801,Sigma Electric Manufacturing Corporation,4.0,Industrial Machinery | Pune +22 other locations,"Highly Rated For Company Culture, Job Security, Skill Development / Learning  Critically Rated For Promotions / Appraisal",1.3k Reviews,2.9k Salaries,75 Interviews,16 Jobs,206 Benefits
802,ManpowerGroup,3.6,Recruitment | Bangalore / Bengaluru +147 other locations,"Critically Rated For Promotions / Appraisal, Job Security, Skill Development / Learning",1.3k Reviews,5k Salaries,67 Interviews,309 Jobs,80 Benefits
803,Apexon,3.3,IT Services & Consulting | Bangalore / Bengaluru +20 other locations,"Critically Rated For Promotions / Appraisal, Job Security, Work Satisfaction",1.3k Reviews,8.7k Salaries,161 Interviews,89 Jobs,21 Benefits
804,Pantaloons,4.1,Retail | Mumbai +151 other locations,"Highly Rated For Job Security, Company Culture, Skill Development / Learning",1.3k Reviews,2.9k Salaries,67 Interviews,-- Jobs,133 Benefits
805,Shubham Housing Development Finance,3.9,NBFC | New Delhi +154 other locations,"Highly Rated For Work Life Balance, Salary & Benefits",1.3k Reviews,3k Salaries,50 Interviews,2 Jobs,75 Benefits
806,RBL FinServe,3.9,Financial Services | Mumbai +365 other locations,"Highly Rated For Salary & Benefits, Skill Development / Learning",1.3k Reviews,3k Salaries,66 Interviews,-- Jobs,80 Benefits
807,Brillio,3.4,IT Services & Consulting | Bangalore / Bengaluru +14 other locations,"Critically Rated For Promotions / Appraisal, Job Security, Work Satisfaction",1.3k Reviews,10.2k Salaries,141 Interviews,17 Jobs,76 Benefits
808,Punjab National Bank,3.8,Banking | New Delhi +214 other locations,Highly Rated For Job Security,1.3k Reviews,2.9k Salaries,56 Interviews,-- Jobs,95 Benefits
809,Citco,3.1,Management Consulting | Pune +13 other locations,"Critically Rated For Promotions / Appraisal, Company Culture, Work Life Balance",1.3k Reviews,8.7k Salaries,164 Interviews,45 Jobs,49 Benefits
810,Hatsun Agro Product,3.8,Food Processing | Chennai +124 other locations,"Highly Rated For Skill Development / Learning  Critically Rated For Job Security, Promotions / Appraisal",1.3k Reviews,4.5k Salaries,78 Interviews,10 Jobs,104 Benefits
811,The Ramco Cements,4.1,Building Material | Chennai +120 other locations,"Highly Rated For Job Security, Company Culture, Work Life Balance  Critically Rated For Promotions / Appraisal",1.3k Reviews,4k Salaries,74 Interviews,8 Jobs,95 Benefits
812,ZF Steering Gear,3.6,Auto Components | Pune +33 other locations,"Critically Rated For Promotions / Appraisal, Company Culture, Work Satisfaction",1.3k Reviews,6.9k Salaries,58 Interviews,15 Jobs,96 Benefits
813,Mondelez International,4.2,Food Processing | Mumbai +190 other locations,"Highly Rated For Salary & Benefits, Company Culture, Work Life Balance  Critically Rated For Promotions / Appraisal",1.3k Reviews,4.7k Salaries,72 Interviews,59 Jobs,128 Benefits
814,Panasonic,4.0,Consumer Electronics & Appliances | Gurgaon / Gurugram +125 other locations,"Highly Rated For Company Culture, Work Life Balance, Job Security  Critically Rated For Promotions / Appraisal",1.3k Reviews,4.8k Salaries,47 Interviews,16 Jobs,148 Benefits
815,Labmentix,4.5,Bangalore / Bengaluru +30 other locations,"Highly Rated For Skill Development / Learning, Company Culture, Work Life Balance",1.3k Reviews,27 Salaries,425 Interviews,-- Jobs,8 Benefits
816,GEP Worldwide,3.6,IT Services & Consulting | Mumbai +17 other locations,"Highly Rated For Company Culture  Critically Rated For Promotions / Appraisal, Salary & Benefits, Work Satisfaction",1.3k Reviews,8.9k Salaries,150 Interviews,5 Jobs,126 Benefits
817,Dell EMC,3.8,IT Services & Consulting | Bangalore / Bengaluru +53 other locations,"Highly Rated For Work Life Balance, Company Culture  Critically Rated For Promotions / Appraisal",1.3k Reviews,8.9k Salaries,73 Interviews,-- Jobs,192 Benefits
818,Jindal X,3.6,BPO | New Delhi +21 other locations,"Critically Rated For Job Security, Promotions / Appraisal, Company Culture",1.2k Reviews,2.8k Salaries,113 Interviews,5 Jobs,155 Benefits
819,CenturyPly,3.8,Furniture & Furnishing | Kolkata +139 other locations,Highly Rated For Salary & Benefits  Critically Rated For Promotions / Appraisal,1.2k Reviews,4.2k Salaries,88 Interviews,16 Jobs,57 Benefits
820,Luminous Power Technologies,4.1,Consumer Electronics & Appliances | Gurgaon / Gurugram +134 other locations,"Highly Rated For Work Life Balance, Company Culture, Job Security",1.2k Reviews,3.9k Salaries,88 Interviews,37 Jobs,123 Benefits
821,Baroda Global Shared Services,3.8,BPO | Gandhinagar +175 other locations,"Highly Rated For Work Life Balance, Company Culture  Critically Rated For Promotions / Appraisal",1.2k Reviews,2.8k Salaries,119 Interviews,18 Jobs,28 Benefits
822,Grant Thornton,3.4,Accounting & Auditing | Bangalore / Bengaluru +57 other locations,"Critically Rated For Promotions / Appraisal, Work Satisfaction, Salary & Benefits",1.2k Reviews,10.9k Salaries,114 Interviews,229 Jobs,82 Benefits
823,ECIL,4.3,Electronics Manufacturing | Hyderabad / Secunderabad +57 other locations,"Highly Rated For Work Life Balance, Company Culture, Work Satisfaction",1.2k Reviews,3.2k Salaries,58 Interviews,-- Jobs,105 Benefits
824,OM Logistics,3.9,Logistics | New Delhi +121 other locations,"Highly Rated For Job Security, Work Life Balance  Critically Rated For Promotions / Appraisal",1.2k Reviews,3.6k Salaries,88 Interviews,9 Jobs,102 Benefits
825,Tenneco,3.6,Auto Components | Pune +44 other locations,"Critically Rated For Promotions / Appraisal, Company Culture, Work Satisfaction",1.2k Reviews,5.1k Salaries,67 Interviews,6 Jobs,114 Benefits
826,INDIUM,4.0,IT Services & Consulting | Chennai +13 other locations,"Highly Rated For Work Life Balance, Company Culture, Skill Development / Learning  Critically Rated For Promotions / Appraisal",1.2k Reviews,6.7k Salaries,228 Interviews,108 Jobs,48 Benefits
827,Decathlon,3.7,Retail | Bangalore / Bengaluru +68 other locations,"Highly Rated For Job Security, Skill Development / Learning, Company Culture  Critically Rated For Work Life Balance, Promotions / Appraisal, Salary & Benefits",1.2k Reviews,4k Salaries,117 Interviews,2 Jobs,116 Benefits
828,More Supermarket,3.7,Retail | Bangalore / Bengaluru +158 other locations,"Critically Rated For Job Security, Promotions / Appraisal, Company Culture",1.2k Reviews,3.8k Salaries,87 Interviews,35 Jobs,56 Benefits
829,Vestas,4.1,Power | Chennai +49 other locations,"Highly Rated For Company Culture, Work Life Balance, Skill Development / Learning  Critically Rated For Promotions / Appraisal",1.2k Reviews,5.1k Salaries,95 Interviews,6 Jobs,134 Benefits
830,Automotive Manufacturers,3.9,Automobile | Hyderabad / Secunderabad +147 other locations,Critically Rated For Promotions / Appraisal,1.2k Reviews,5.1k Salaries,98 Interviews,38 Jobs,76 Benefits
831,Jakson Group,4.1,Power | Noida +101 other locations,"Highly Rated For Salary & Benefits, Work Life Balance, Company Culture",1.2k Reviews,3.7k Salaries,98 Interviews,6 Jobs,99 Benefits
832,Aerial Telecom Solutions,4.1,Telecom | Mohali +108 other locations,"Highly Rated For Company Culture, Work Life Balance, Work Satisfaction",1.2k Reviews,2.1k Salaries,106 Interviews,9 Jobs,35 Benefits
833,OpenText Technologies,3.5,Software Product | Bangalore / Bengaluru +14 other locations,"Highly Rated For Work Life Balance  Critically Rated For Promotions / Appraisal, Job Security, Work Satisfaction",1.2k Reviews,11.5k Salaries,189 Interviews,27 Jobs,87 Benefits
834,Astral Pipe,4.0,Building Material | Ahmedabad +142 other locations,"Highly Rated For Work Life Balance, Job Security  Critically Rated For Promotions / Appraisal",1.2k Reviews,3.9k Salaries,86 Interviews,51 Jobs,31 Benefits
835,ANZ Banking Group,3.8,Banking | Bangalore / Bengaluru +18 other locations,"Highly Rated For Work Life Balance, Company Culture  Critically Rated For Promotions / Appraisal, Skill Development / Learning",1.2k Reviews,7.9k Salaries,103 Interviews,12 Jobs,102 Benefits
836,R Systems International,3.4,IT Services & Consulting | Noida +22 other locations,"Critically Rated For Promotions / Appraisal, Job Security, Company Culture",1.2k Reviews,7.3k Salaries,137 Interviews,15 Jobs,102 Benefits
837,Viraj Profiles,3.9,Iron & Steel | Mumbai +27 other locations,"Highly Rated For Skill Development / Learning, Work Life Balance, Work Satisfaction",1.2k Reviews,4.3k Salaries,93 Interviews,14 Jobs,146 Benefits
838,Centre for Development of Advanced Computing,3.7,IT Services & Consulting | Pune +40 other locations,"Highly Rated For Work Life Balance, Job Security  Critically Rated For Promotions / Appraisal, Salary & Benefits, Company Culture",1.2k Reviews,6.6k Salaries,121 Interviews,-- Jobs,59 Benefits
839,Fresenius Kabi,4.0,Pharma | Pune +64 other locations,"Highly Rated For Work Life Balance, Company Culture, Job Security  Critically Rated For Promotions / Appraisal, Salary & Benefits",1.2k Reviews,4k Salaries,50 Interviews,37 Jobs,116 Benefits
840,SKF,4.0,Auto Components | Pune +67 other locations,"Highly Rated For Company Culture, Work Life Balance, Skill Development / Learning  Critically Rated For Promotions / Appraisal",1.2k Reviews,4.4k Salaries,72 Interviews,70 Jobs,147 Benefits
841,Ion Exchange India,3.8,Waste Management | Mumbai +121 other locations,"Highly Rated For Work Life Balance, Job Security  Critically Rated For Promotions / Appraisal, Salary & Benefits",1.2k Reviews,4.9k Salaries,91 Interviews,39 Jobs,87 Benefits
842,Samsung Research,3.1,IT Services & Consulting | Bangalore / Bengaluru +19 other locations,"Critically Rated For Promotions / Appraisal, Skill Development / Learning, Work Satisfaction",1.2k Reviews,9.3k Salaries,147 Interviews,1 Jobs,136 Benefits
843,ICICI Prudential Mutual Fund,3.8,Financial Services | Mumbai +165 other locations,"Highly Rated For Work Life Balance, Skill Development / Learning, Job Security  Critically Rated For Promotions / Appraisal, Salary & Benefits",1.2k Reviews,5.5k Salaries,86 Interviews,-- Jobs,84 Benefits
844,Synchrony,4.2,Financial Services | Hyderabad / Secunderabad +9 other locations,"Highly Rated For Company Culture, Job Security, Work Life Balance",1.2k Reviews,5.3k Salaries,88 Interviews,17 Jobs,197 Benefits
845,Troikaa Pharmaceuticals,4.1,Pharma | Ahmedabad +104 other locations,"Highly Rated For Salary & Benefits, Work Life Balance, Skill Development / Learning",1.2k Reviews,3.7k Salaries,113 Interviews,12 Jobs,79 Benefits
846,PNC Infratech,3.7,Engineering & Construction | Agra +92 other locations,Critically Rated For Promotions / Appraisal,1.2k Reviews,3.4k Salaries,79 Interviews,4 Jobs,78 Benefits
847,iSON Xperiences,3.3,BPO | Chennai +43 other locations,"Critically Rated For Promotions / Appraisal, Salary & Benefits, Company Culture",1.2k Reviews,3.3k Salaries,78 Interviews,7 Jobs,90 Benefits
848,Intertek,3.7,Analytics & KPO | New Delhi +113 other locations,Critically Rated For Promotions / Appraisal,1.2k Reviews,3.9k Salaries,78 Interviews,80 Jobs,113 Benefits
849,Oil And Natural Gas Corporation,4.3,Oil & Gas | Mumbai +83 other locations,"Highly Rated For Work Life Balance, Work Satisfaction, Job Security",1.2k Reviews,3k Salaries,79 Interviews,-- Jobs,137 Benefits
850,Mu Sigma,2.5,Analytics & KPO | Bangalore / Bengaluru +16 other locations,"Critically Rated For Work Life Balance, Job Security, Company Culture",1.2k Reviews,6.7k Salaries,248 Interviews,-- Jobs,120 Benefits
851,Globant,3.4,IT Services & Consulting | Pune +16 other locations,"Highly Rated For Work Life Balance  Critically Rated For Promotions / Appraisal, Job Security, Work Satisfaction",1.2k Reviews,9.7k Salaries,199 Interviews,72 Jobs,100 Benefits
852,Godrej Consumer Products,4.0,FMCG | Mumbai +150 other locations,"Highly Rated For Work Life Balance, Company Culture, Job Security  Critically Rated For Promotions / Appraisal",1.2k Reviews,4.6k Salaries,59 Interviews,-- Jobs,118 Benefits
853,NetAmbit,4.0,BPO | Noida +143 other locations,"Highly Rated For Salary & Benefits, Work Life Balance, Skill Development / Learning",1.2k Reviews,3.1k Salaries,141 Interviews,5 Jobs,34 Benefits
854,T-Systems ICT India,3.8,IT Services & Consulting | Pune +16 other locations,Highly Rated For Work Life Balance  Critically Rated For Promotions / Appraisal,1.2k Reviews,8.3k Salaries,104 Interviews,8 Jobs,90 Benefits
855,Shriram Pistons & Rings,4.1,Auto Components | Bhiwadi +61 other locations,"Highly Rated For Job Security, Company Culture, Work Life Balance  Critically Rated For Promotions / Appraisal",1.2k Reviews,4.5k Salaries,72 Interviews,1 Jobs,133 Benefits
856,Aarvee Associates,3.7,Engineering & Construction | Hyderabad / Secunderabad +167 other locations,"Critically Rated For Promotions / Appraisal, Company Culture, Skill Development / Learning",1.2k Reviews,3.3k Salaries,94 Interviews,-- Jobs,102 Benefits
857,AIIMS,4.1,Education & Training | New Delhi +72 other locations,"Highly Rated For Skill Development / Learning, Work Satisfaction, Work Life Balance  Critically Rated For Promotions / Appraisal",1.2k Reviews,4.4k Salaries,65 Interviews,-- Jobs,66 Benefits
858,SK Finance Limited,3.8,NBFC | Jaipur +259 other locations,Critically Rated For Promotions / Appraisal,1.2k Reviews,3.2k Salaries,85 Interviews,-- Jobs,13 Benefits
859,Best Sellers,4.1,Retail | Mumbai +93 other locations,"Highly Rated For Company Culture, Work Life Balance, Skill Development / Learning  Critically Rated For Promotions / Appraisal",1.2k Reviews,2.9k Salaries,32 Interviews,5 Jobs,130 Benefits
860,FOCUS EDUMATICS,2.9,EdTech | Coimbatore +36 other locations,"Critically Rated For Job Security, Promotions / Appraisal, Company Culture",1.2k Reviews,2.9k Salaries,126 Interviews,-- Jobs,39 Benefits
861,Prodapt,3.5,IT Services & Consulting | Chennai +16 other locations,"Critically Rated For Promotions / Appraisal, Salary & Benefits, Work Satisfaction",1.2k Reviews,9.4k Salaries,114 Interviews,106 Jobs,73 Benefits
862,EbixCash Limited,3.8,Software Product | Noida +85 other locations,"Highly Rated For Work Life Balance, Job Security  Critically Rated For Promotions / Appraisal, Salary & Benefits",1.2k Reviews,5.1k Salaries,108 Interviews,5 Jobs,73 Benefits
863,Apex Group,2.7,Financial Services | Pune +28 other locations,"Critically Rated For Promotions / Appraisal, Job Security, Company Culture",1.2k Reviews,7.5k Salaries,176 Interviews,225 Jobs,30 Benefits
864,Qualcomm,3.7,Semiconductors | Hyderabad / Secunderabad +18 other locations,"Highly Rated For Salary & Benefits  Critically Rated For Promotions / Appraisal, Work Life Balance, Work Satisfaction",1.2k Reviews,13.7k Salaries,288 Interviews,299 Jobs,133 Benefits
865,Zoho,4.2,Software Product | Chennai +37 other locations,"Highly Rated For Job Security, Company Culture, Work Life Balance",1.2k Reviews,9.1k Salaries,572 Interviews,-- Jobs,101 Benefits
866,H.G. Infra Engineering,4.0,Engineering & Construction | Jaipur +98 other locations,"Highly Rated For Salary & Benefits, Skill Development / Learning, Company Culture  Critically Rated For Job Security",1.2k Reviews,3.1k Salaries,104 Interviews,19 Jobs,87 Benefits
867,Parexel International,3.8,Clinical Research | Hyderabad / Secunderabad +25 other locations,"Critically Rated For Promotions / Appraisal, Salary & Benefits",1.2k Reviews,5.8k Salaries,85 Interviews,15 Jobs,124 Benefits
868,Wind World,4.0,Power | Jaisalmer +82 other locations,"Highly Rated For Work Life Balance, Job Security, Work Satisfaction  Critically Rated For Promotions / Appraisal, Salary & Benefits",1.2k Reviews,3.3k Salaries,84 Interviews,6 Jobs,120 Benefits
869,DENSO,4.2,Auto Components | Gurgaon / Gurugram +39 other locations,"Highly Rated For Job Security, Company Culture, Salary & Benefits",1.2k Reviews,3.7k Salaries,83 Interviews,1 Jobs,174 Benefits
870,PHN Technology,4.4,EdTech | Pune +32 other locations,"Highly Rated For Skill Development / Learning, Company Culture, Work Life Balance",1.2k Reviews,351 Salaries,35 Interviews,1 Jobs,2 Benefits
871,Willis Towers Watson,3.6,Management Consulting | Mumbai +19 other locations,"Highly Rated For Work Life Balance, Job Security  Critically Rated For Promotions / Appraisal, Work Satisfaction, Skill Development / Learning",1.2k Reviews,7.7k Salaries,113 Interviews,44 Jobs,104 Benefits
872,Dassault Systemes,3.8,Software Product | Pune +12 other locations,"Highly Rated For Job Security, Work Life Balance, Company Culture  Critically Rated For Promotions / Appraisal, Salary & Benefits, Skill Development / Learning",1.2k Reviews,6.8k Salaries,182 Interviews,-- Jobs,134 Benefits
873,KIMS Hospital,3.9,Healthcare | Hyderabad / Secunderabad +59 other locations,"Highly Rated For Job Security, Skill Development / Learning  Critically Rated For Promotions / Appraisal, Salary & Benefits",1.2k Reviews,3.4k Salaries,60 Interviews,15 Jobs,78 Benefits
874,Fidelity National Financial,3.7,Financial Services | Bangalore / Bengaluru +15 other locations,"Highly Rated For Job Security  Critically Rated For Promotions / Appraisal, Work Satisfaction, Skill Development / Learning",1.2k Reviews,6.2k Salaries,58 Interviews,6 Jobs,151 Benefits
875,Kirloskar Oil Engines,4.1,Industrial Machinery | Pune +105 other locations,"Highly Rated For Work Life Balance, Job Security, Company Culture  Critically Rated For Promotions / Appraisal",1.2k Reviews,4k Salaries,60 Interviews,23 Jobs,97 Benefits
876,Rockman Industries,3.9,Auto Components | Haridwar +40 other locations,"Highly Rated For Job Security, Skill Development / Learning",1.2k Reviews,3.8k Salaries,89 Interviews,16 Jobs,98 Benefits
877,Barclays Shared Services,3.8,Financial Services | Chennai +16 other locations,"Highly Rated For Work Life Balance, Job Security  Critically Rated For Promotions / Appraisal, Skill Development / Learning",1.2k Reviews,4.9k Salaries,37 Interviews,734 Jobs,178 Benefits
878,Fidelity Investments,4.0,Financial Services | Bangalore / Bengaluru +19 other locations,"Highly Rated For Company Culture, Work Life Balance, Job Security  Critically Rated For Promotions / Appraisal",1.2k Reviews,8k Salaries,121 Interviews,2 Jobs,160 Benefits
879,Ahluwalia Contracts India,4.0,Engineering & Construction | New Delhi +59 other locations,"Highly Rated For Work Life Balance, Job Security, Salary & Benefits",1.2k Reviews,3.4k Salaries,69 Interviews,26 Jobs,68 Benefits
880,Xyz Company,3.8,Financial Services | Bangalore / Bengaluru +94 other locations,"Highly Rated For Company Culture, Work Life Balance, Job Security",1.2k Reviews,42.2k Salaries,516 Interviews,-- Jobs,63 Benefits
881,Spandana Sphoorty Financial,3.7,NBFC | Hyderabad / Secunderabad +340 other locations,"Critically Rated For Company Culture, Work Satisfaction, Job Security",1.2k Reviews,2.3k Salaries,48 Interviews,2 Jobs,78 Benefits
882,Diageo,3.8,Beverage | Bangalore / Bengaluru +98 other locations,"Highly Rated For Work Life Balance, Company Culture, Salary & Benefits  Critically Rated For Promotions / Appraisal, Job Security",1.2k Reviews,6.1k Salaries,88 Interviews,81 Jobs,101 Benefits
883,Intel,4.1,Semiconductors | Bangalore / Bengaluru +36 other locations,"Highly Rated For Work Life Balance, Company Culture, Work Satisfaction  Critically Rated For Job Security, Promotions / Appraisal",1.2k Reviews,8.8k Salaries,235 Interviews,28 Jobs,91 Benefits
884,ACG Worldwide,3.9,Pharma | Mumbai +31 other locations,Critically Rated For Promotions / Appraisal,1.2k Reviews,3.8k Salaries,82 Interviews,39 Jobs,43 Benefits
885,Colliers India,3.9,Real Estate | Bangalore / Bengaluru +45 other locations,Critically Rated For Promotions / Appraisal,1.2k Reviews,4.7k Salaries,85 Interviews,88 Jobs,76 Benefits
886,JK Lakshmi Cement,3.8,Building Material | New Delhi +140 other locations,"Critically Rated For Promotions / Appraisal, Job Security",1.2k Reviews,3.7k Salaries,75 Interviews,-- Jobs,95 Benefits
887,DLF,3.9,Real Estate | Gurgaon / Gurugram +36 other locations,"Highly Rated For Salary & Benefits, Work Life Balance  Critically Rated For Promotions / Appraisal",1.2k Reviews,4.5k Salaries,93 Interviews,4 Jobs,71 Benefits
888,The Jaypee Group,3.8,Engineering & Construction | Noida +106 other locations,"Highly Rated For Job Security, Work Life Balance  Critically Rated For Promotions / Appraisal, Salary & Benefits",1.2k Reviews,3.4k Salaries,49 Interviews,12 Jobs,113 Benefits
889,Ocwen Financial Solutions,4.0,Financial Services | Bangalore / Bengaluru +9 other locations,"Highly Rated For Company Culture, Work Life Balance  Critically Rated For Promotions / Appraisal",1.1k Reviews,4.5k Salaries,51 Interviews,15 Jobs,168 Benefits
890,Thyrocare Technologies,3.7,Healthcare | Mumbai +75 other locations,Critically Rated For Promotions / Appraisal,1.1k Reviews,4.3k Salaries,85 Interviews,7 Jobs,92 Benefits
891,Baazar Retail Private Limited,4.5,Retail | Kolkata +107 other locations,"Highly Rated For Company Culture, Work Life Balance, Work Satisfaction",1.1k Reviews,1.4k Salaries,82 Interviews,-- Jobs,16 Benefits
892,ExcelR,3.7,Education & Training | Bangalore / Bengaluru +23 other locations,"Critically Rated For Promotions / Appraisal, Salary & Benefits",1.1k Reviews,1k Salaries,104 Interviews,16 Jobs,3 Benefits
893,JTEKT,4.1,Auto Components | Gurgaon / Gurugram +29 other locations,"Highly Rated For Company Culture, Job Security, Work Life Balance  Critically Rated For Promotions / Appraisal",1.1k Reviews,4.2k Salaries,86 Interviews,-- Jobs,88 Benefits
894,DISH TV,3.4,Broadcasting | Noida +153 other locations,"Critically Rated For Promotions / Appraisal, Job Security, Skill Development / Learning",1.1k Reviews,3.4k Salaries,72 Interviews,13 Jobs,102 Benefits
895,Nilkamal,3.7,Furniture & Furnishing | Mumbai +111 other locations,"Critically Rated For Promotions / Appraisal, Skill Development / Learning, Work Satisfaction",1.1k Reviews,3.5k Salaries,77 Interviews,3 Jobs,94 Benefits
896,Patra Corporation,3.6,BPO | Visakhapatnam +20 other locations,"Highly Rated For Job Security  Critically Rated For Salary & Benefits, Promotions / Appraisal, Skill Development / Learning",1.1k Reviews,4.7k Salaries,89 Interviews,5 Jobs,83 Benefits
897,Edelweiss,3.7,Financial Services | Mumbai +113 other locations,Highly Rated For Work Life Balance  Critically Rated For Promotions / Appraisal,1.1k Reviews,5.7k Salaries,61 Interviews,-- Jobs,132 Benefits
898,DP World,3.8,Logistics | Mumbai +82 other locations,Highly Rated For Salary & Benefits  Critically Rated For Promotions / Appraisal,1.1k Reviews,4.6k Salaries,89 Interviews,82 Jobs,62 Benefits
899,Podar International School,4.1,Education & Training | Mumbai +125 other locations,"Highly Rated For Skill Development / Learning, Company Culture, Job Security",1.1k Reviews,3.2k Salaries,80 Interviews,6 Jobs,112 Benefits
900,Coca-Cola Company,4.0,Beverage | Bangalore / Bengaluru +202 other locations,"Highly Rated For Work Life Balance, Skill Development / Learning, Company Culture  Critically Rated For Promotions / Appraisal",1.1k Reviews,3.1k Salaries,99 Interviews,4 Jobs,102 Benefits
901,Bajaj Motors,3.9,Auto Components | Gurgaon / Gurugram +89 other locations,"Highly Rated For Skill Development / Learning, Company Culture, Work Life Balance  Critically Rated For Promotions / Appraisal",1.1k Reviews,3.3k Salaries,66 Interviews,-- Jobs,109 Benefits
902,PayPal,3.8,FinTech | Bangalore / Bengaluru +14 other locations,"Highly Rated For Salary & Benefits, Work Life Balance, Company Culture  Critically Rated For Promotions / Appraisal, Job Security, Work Satisfaction",1.1k Reviews,9.3k Salaries,233 Interviews,-- Jobs,120 Benefits
903,Salesforce,3.9,Software Product | Hyderabad / Secunderabad +40 other locations,"Highly Rated For Salary & Benefits, Work Life Balance, Company Culture  Critically Rated For Job Security, Promotions / Appraisal",1.1k Reviews,12.4k Salaries,241 Interviews,141 Jobs,104 Benefits
904,Leadec India,4.1,Facility Management Services | Pune +77 other locations,"Highly Rated For Work Life Balance, Company Culture, Work Satisfaction",1.1k Reviews,3.4k Salaries,137 Interviews,15 Jobs,86 Benefits
905,Johnson Lifts,3.9,Industrial Machinery | Chennai +75 other locations,"Highly Rated For Job Security, Work Life Balance  Critically Rated For Promotions / Appraisal",1.1k Reviews,3.7k Salaries,48 Interviews,5 Jobs,92 Benefits
906,Northern Trust Operating Services,3.8,Financial Services | Bangalore / Bengaluru +18 other locations,"Highly Rated For Company Culture, Job Security  Critically Rated For Promotions / Appraisal, Salary & Benefits",1.1k Reviews,6.4k Salaries,106 Interviews,30 Jobs,222 Benefits
907,HFCL Limited,3.7,Telecom | Hyderabad / Secunderabad +111 other locations,"Highly Rated For Work Life Balance  Critically Rated For Promotions / Appraisal, Salary & Benefits",1.1k Reviews,4.1k Salaries,76 Interviews,17 Jobs,88 Benefits
908,Electronica Finance,4.2,NBFC | Pune +169 other locations,"Highly Rated For Salary & Benefits, Work Life Balance, Company Culture",1.1k Reviews,2.7k Salaries,123 Interviews,16 Jobs,30 Benefits
909,Innova Solutions,3.3,IT Services & Consulting | Hyderabad / Secunderabad +36 other locations,"Critically Rated For Promotions / Appraisal, Job Security, Skill Development / Learning",1.1k Reviews,7.7k Salaries,98 Interviews,47 Jobs,18 Benefits
910,Meril,3.6,Medical Equipment | Vapi +81 other locations,"Highly Rated For Job Security  Critically Rated For Promotions / Appraisal, Salary & Benefits, Work Satisfaction",1.1k Reviews,4.6k Salaries,80 Interviews,39 Jobs,72 Benefits
911,Indostar Capital Finance Limited,4.4,NBFC | Mumbai +317 other locations,"Highly Rated For Work Life Balance, Company Culture, Work Satisfaction",1.1k Reviews,2k Salaries,177 Interviews,-- Jobs,30 Benefits
912,Dhoot Transmission,3.7,Auto Components | Aurangabad +42 other locations,"Critically Rated For Promotions / Appraisal, Salary & Benefits, Work Satisfaction",1.1k Reviews,3.9k Salaries,66 Interviews,8 Jobs,107 Benefits
913,Wistron,4.0,Electronics Manufacturing | Bangalore / Bengaluru +23 other locations,"Highly Rated For Company Culture, Job Security, Work Life Balance  Critically Rated For Promotions / Appraisal, Salary & Benefits",1.1k Reviews,5.2k Salaries,90 Interviews,-- Jobs,131 Benefits
914,Barbeque Nation,3.9,Hospitality | Bangalore / Bengaluru +83 other locations,"Highly Rated For Company Culture, Job Security, Skill Development / Learning",1.1k Reviews,2.6k Salaries,47 Interviews,17 Jobs,118 Benefits
915,Royal Migration Solutions,4.9,Other | Dubai +12 other locations,"Highly Rated For Company Culture, Work Life Balance, Work Satisfaction",1.1k Reviews,6 Salaries,1 Interviews,-- Jobs,1 Benefits
916,Strides Pharma,3.9,Pharma | Bangalore / Bengaluru +34 other locations,"Highly Rated For Skill Development / Learning, Salary & Benefits  Critically Rated For Promotions / Appraisal, Job Security",1.1k Reviews,4.2k Salaries,73 Interviews,-- Jobs,141 Benefits
917,MDIndia Health Insurance TPA,3.6,Insurance | Pune +94 other locations,"Critically Rated For Promotions / Appraisal, Salary & Benefits",1.1k Reviews,3.7k Salaries,69 Interviews,55 Jobs,84 Benefits
918,Indira IVF Hospital,4.0,Healthcare | Mumbai +106 other locations,"Highly Rated For Company Culture, Skill Development / Learning, Work Life Balance  Critically Rated For Promotions / Appraisal",1.1k Reviews,2.9k Salaries,74 Interviews,44 Jobs,74 Benefits
919,London Stock Exchange Group,3.7,Financial Services | Bangalore / Bengaluru +11 other locations,"Highly Rated For Work Life Balance  Critically Rated For Promotions / Appraisal, Skill Development / Learning, Work Satisfaction",1.1k Reviews,10.4k Salaries,151 Interviews,51 Jobs,52 Benefits
920,Jacobs Engineering Group,4.1,Engineering & Construction | Mumbai +42 other locations,"Highly Rated For Work Life Balance, Company Culture, Work Satisfaction  Critically Rated For Promotions / Appraisal",1.1k Reviews,4.9k Salaries,88 Interviews,7 Jobs,91 Benefits
921,Saipem,4.2,Engineering & Construction | Chennai +42 other locations,"Highly Rated For Job Security, Work Life Balance, Company Culture  Critically Rated For Promotions / Appraisal",1.1k Reviews,3.2k Salaries,52 Interviews,1 Jobs,147 Benefits
922,Edelweiss Life Insurance,3.7,Insurance | Mumbai +123 other locations,"Critically Rated For Work Satisfaction, Promotions / Appraisal",1.1k Reviews,3.5k Salaries,57 Interviews,40 Jobs,93 Benefits
923,Sri Chaitanya Techno Schools,3.4,Education & Training | Bangalore / Bengaluru +163 other locations,"Critically Rated For Promotions / Appraisal, Salary & Benefits, Company Culture",1.1k Reviews,3.4k Salaries,68 Interviews,-- Jobs,1 Benefits
924,CaratLane - A Tata Product,4.0,Jewellery | Chennai +85 other locations,"Highly Rated For Skill Development / Learning, Company Culture, Job Security  Critically Rated For Promotions / Appraisal",1.1k Reviews,2.8k Salaries,66 Interviews,86 Jobs,78 Benefits
925,Aparna Constructions and Estates,3.9,Real Estate | Hyderabad / Secunderabad +22 other locations,"Highly Rated For Job Security, Skill Development / Learning, Salary & Benefits  Critically Rated For Promotions / Appraisal",1.1k Reviews,3.9k Salaries,106 Interviews,50 Jobs,94 Benefits
926,Nielsen,3.4,Analytics & KPO | Bangalore / Bengaluru +73 other locations,"Critically Rated For Promotions / Appraisal, Job Security, Work Satisfaction",1.1k Reviews,6.2k Salaries,150 Interviews,2 Jobs,128 Benefits
927,Birla Corporation,4.1,Building Material | Kolkata +142 other locations,"Highly Rated For Work Life Balance, Job Security, Company Culture",1.1k Reviews,3.6k Salaries,67 Interviews,-- Jobs,83 Benefits
928,Piaggio,3.6,Automobile | Pune +80 other locations,"Critically Rated For Promotions / Appraisal, Job Security, Company Culture",1.1k Reviews,3.8k Salaries,71 Interviews,12 Jobs,123 Benefits
929,Biocon Biologics,3.7,Biotechnology | Bangalore / Bengaluru +26 other locations,"Critically Rated For Promotions / Appraisal, Work Satisfaction, Salary & Benefits",1.1k Reviews,6.5k Salaries,106 Interviews,2 Jobs,351 Benefits
930,Prism Johnson,3.7,Building Material | Mumbai +142 other locations,"Critically Rated For Promotions / Appraisal, Company Culture, Work Satisfaction",1.1k Reviews,4.3k Salaries,65 Interviews,-- Jobs,62 Benefits
931,Zetwerk,4.0,Industrial Machinery | Bangalore / Bengaluru +117 other locations,"Highly Rated For Salary & Benefits, Company Culture, Work Life Balance  Critically Rated For Job Security, Promotions / Appraisal",1.1k Reviews,3.9k Salaries,110 Interviews,18 Jobs,54 Benefits
932,VMware Software,4.4,Software Product | Bangalore / Bengaluru +18 other locations,"Highly Rated For Salary & Benefits, Company Culture, Work Life Balance",1.1k Reviews,9.2k Salaries,145 Interviews,17 Jobs,129 Benefits
933,Federal Bank,3.7,Banking | Mumbai +151 other locations,"Highly Rated For Salary & Benefits, Job Security  Critically Rated For Work Satisfaction, Promotions / Appraisal, Company Culture",1.1k Reviews,5.3k Salaries,118 Interviews,-- Jobs,71 Benefits
934,Schaeffler India,4.0,Auto Components | Vadodara +27 other locations,"Highly Rated For Job Security, Work Life Balance, Company Culture  Critically Rated For Promotions / Appraisal",1.1k Reviews,5.3k Salaries,62 Interviews,25 Jobs,106 Benefits
935,Aptiv,3.5,Auto Components | Bangalore / Bengaluru +26 other locations,"Critically Rated For Promotions / Appraisal, Company Culture, Work Satisfaction",1.1k Reviews,7.8k Salaries,121 Interviews,16 Jobs,47 Benefits
936,Motilal Oswal Home Finance,4.4,NBFC | Mumbai +127 other locations,"Highly Rated For Company Culture, Work Life Balance, Skill Development / Learning",1.1k Reviews,1.3k Salaries,125 Interviews,-- Jobs,21 Benefits
937,ICON Plc,4.0,Clinical Research | Chennai +27 other locations,"Highly Rated For Work Life Balance, Company Culture, Job Security  Critically Rated For Promotions / Appraisal",1.1k Reviews,4.2k Salaries,133 Interviews,48 Jobs,54 Benefits
938,INDO-MIM,4.0,Metals & Mining | Bangalore / Bengaluru +32 other locations,"Highly Rated For Job Security, Work Life Balance, Company Culture  Critically Rated For Promotions / Appraisal",1.1k Reviews,4.1k Salaries,74 Interviews,2 Jobs,114 Benefits
939,Deccan Fine Chemicals,3.6,Agro Chemicals | Tuni +31 other locations,"Critically Rated For Company Culture, Promotions / Appraisal, Work Satisfaction",1.1k Reviews,4.9k Salaries,101 Interviews,5 Jobs,60 Benefits
940,Imperial Auto Industries,3.8,Auto Components | Faridabad +38 other locations,"Highly Rated For Job Security  Critically Rated For Promotions / Appraisal, Salary & Benefits, Company Culture",1.1k Reviews,4.5k Salaries,74 Interviews,6 Jobs,66 Benefits
941,Adani Ports and SEZ,3.7,Ports & Shipping | Mundra +65 other locations,"Critically Rated For Promotions / Appraisal, Job Security, Company Culture",1.1k Reviews,3.9k Salaries,75 Interviews,-- Jobs,137 Benefits
942,Onward Technologies Inc,2.9,IT Services & Consulting | Pune +63 other locations,"Critically Rated For Job Security, Promotions / Appraisal, Skill Development / Learning",1.1k Reviews,6k Salaries,87 Interviews,34 Jobs,42 Benefits
943,Hyundai Mobis,3.7,Auto Components | Chennai +47 other locations,"Highly Rated For Salary & Benefits, Job Security  Critically Rated For Promotions / Appraisal",1.1k Reviews,5k Salaries,78 Interviews,9 Jobs,124 Benefits
944,Stanza Living,3.0,Internet | Bangalore / Bengaluru +36 other locations,"Critically Rated For Job Security, Promotions / Appraisal, Company Culture",1.1k Reviews,3.5k Salaries,87 Interviews,11 Jobs,58 Benefits
945,Advantmed,4.2,Healthcare | Ahmedabad +14 other locations,"Highly Rated For Skill Development / Learning, Company Culture, Job Security",1.1k Reviews,2.6k Salaries,168 Interviews,42 Jobs,53 Benefits
946,Jabil Circuit India,4.0,Electronics Manufacturing | Pune +31 other locations,"Highly Rated For Company Culture, Skill Development / Learning, Job Security  Critically Rated For Promotions / Appraisal",1.1k Reviews,4.2k Salaries,62 Interviews,68 Jobs,87 Benefits
947,Wonder Home Finance,4.6,NBFC | Jaipur +117 other locations,"Highly Rated For Company Culture, Skill Development / Learning, Work Life Balance",1.1k Reviews,715 Salaries,184 Interviews,-- Jobs,9 Benefits
948,Jet Airways,4.6,Aviation | Mumbai +45 other locations,"Highly Rated For Work Satisfaction, Company Culture, Work Life Balance",1.1k Reviews,1.9k Salaries,23 Interviews,-- Jobs,180 Benefits
949,Sundaram Finance,4.0,NBFC | Chennai +247 other locations,"Highly Rated For Job Security, Company Culture, Work Life Balance  Critically Rated For Promotions / Appraisal, Salary & Benefits",1.1k Reviews,2.9k Salaries,44 Interviews,17 Jobs,87 Benefits
950,Zydus Wellness,4.1,FMCG | Ahmedabad +127 other locations,"Highly Rated For Salary & Benefits, Company Culture, Work Life Balance",1.1k Reviews,2.8k Salaries,103 Interviews,24 Jobs,71 Benefits
951,Rupeek,4.0,FinTech | Bangalore / Bengaluru +57 other locations,"Highly Rated For Work Life Balance, Company Culture, Work Satisfaction  Critically Rated For Promotions / Appraisal",1.1k Reviews,3.3k Salaries,113 Interviews,14 Jobs,55 Benefits
952,TK Elevator,3.8,Industrial Machinery | Pune +79 other locations,Critically Rated For Promotions / Appraisal,1.1k Reviews,4.1k Salaries,64 Interviews,24 Jobs,96 Benefits
953,GAIL,4.4,Oil & Gas | New Delhi +101 other locations,"Highly Rated For Work Life Balance, Company Culture, Work Satisfaction",1.1k Reviews,3.2k Salaries,78 Interviews,-- Jobs,88 Benefits
954,Hikal,3.9,Pharma | Bangalore / Bengaluru +22 other locations,"Highly Rated For Job Security, Work Life Balance, Company Culture  Critically Rated For Promotions / Appraisal, Salary & Benefits",1.1k Reviews,4.5k Salaries,73 Interviews,50 Jobs,86 Benefits
955,Syngenta,4.2,Agriculture | Pune +170 other locations,"Highly Rated For Work Life Balance, Company Culture, Skill Development / Learning  Critically Rated For Promotions / Appraisal",1.1k Reviews,3.6k Salaries,77 Interviews,42 Jobs,92 Benefits
956,NxtWave,3.5,EdTech | Hyderabad / Secunderabad +51 other locations,"Critically Rated For Job Security, Promotions / Appraisal, Work Life Balance",1.1k Reviews,2.8k Salaries,242 Interviews,634 Jobs,13 Benefits
957,Kohler,3.7,Building Material | Pune +51 other locations,"Critically Rated For Promotions / Appraisal, Work Satisfaction, Job Security",1.1k Reviews,4.8k Salaries,74 Interviews,24 Jobs,75 Benefits
958,Unicharm,4.0,FMCG | Gurgaon / Gurugram +187 other locations,Highly Rated For Salary & Benefits  Critically Rated For Promotions / Appraisal,1.1k Reviews,2.8k Salaries,64 Interviews,1 Jobs,104 Benefits
959,Kirloskar Brothers,3.8,Industrial Machinery | Pune +72 other locations,"Highly Rated For Work Life Balance  Critically Rated For Promotions / Appraisal, Job Security, Salary & Benefits",1.1k Reviews,4.2k Salaries,85 Interviews,25 Jobs,96 Benefits
960,V2 Retail,3.4,Retail | New Delhi +124 other locations,"Critically Rated For Job Security, Company Culture, Work Satisfaction",1.1k Reviews,2.6k Salaries,78 Interviews,8 Jobs,83 Benefits
961,PharmEasy,3.7,Internet | Mumbai +62 other locations,"Critically Rated For Job Security, Promotions / Appraisal, Work Satisfaction",1.1k Reviews,5k Salaries,89 Interviews,3 Jobs,93 Benefits
962,Nexa,3.9,Automobile | New Delhi +212 other locations,"Highly Rated For Skill Development / Learning  Critically Rated For Promotions / Appraisal, Job Security",1.1k Reviews,2.4k Salaries,41 Interviews,-- Jobs,103 Benefits
963,Siemens Gamesa Renewable Power Private Limited,4.0,Power | Bangalore / Bengaluru +69 other locations,"Highly Rated For Work Life Balance, Company Culture  Critically Rated For Promotions / Appraisal",1.1k Reviews,4.9k Salaries,59 Interviews,108 Jobs,102 Benefits
964,Tube Investments of India,3.8,Engineering & Construction | Chennai +63 other locations,"Highly Rated For Job Security  Critically Rated For Promotions / Appraisal, Salary & Benefits",1.1k Reviews,3.5k Salaries,69 Interviews,11 Jobs,53 Benefits
965,Asirvad Microfinance,3.8,NBFC | Chennai +304 other locations,"Highly Rated For Promotions / Appraisal, Salary & Benefits",1.1k Reviews,2.1k Salaries,41 Interviews,13 Jobs,60 Benefits
966,Balkrishna Industries,4.0,Auto Components | Bhuj +30 other locations,"Highly Rated For Job Security, Salary & Benefits, Work Life Balance",1.1k Reviews,4k Salaries,60 Interviews,-- Jobs,48 Benefits
967,Navitasys India,4.1,Electronics Manufacturing | Bawal +25 other locations,"Highly Rated For Job Security, Salary & Benefits, Work Life Balance",1.1k Reviews,2.6k Salaries,138 Interviews,-- Jobs,54 Benefits
968,Power Grid Corporation of India,4.3,Power | Gurgaon / Gurugram +232 other locations,"Highly Rated For Company Culture, Salary & Benefits, Work Life Balance",1.1k Reviews,2k Salaries,72 Interviews,-- Jobs,76 Benefits
969,Sri Chaitanya Educational Institutions,3.7,Education & Training | Hyderabad / Secunderabad +100 other locations,"Critically Rated For Promotions / Appraisal, Salary & Benefits",1.1k Reviews,3k Salaries,49 Interviews,2 Jobs,66 Benefits
970,MAHLE ANAND Filter Systems,3.9,Auto Components | Pune +38 other locations,"Highly Rated For Job Security, Company Culture, Work Life Balance  Critically Rated For Promotions / Appraisal",1.1k Reviews,3.3k Salaries,35 Interviews,-- Jobs,109 Benefits
971,HPCL-Mittal Energy Limited,4.3,Petrochemicals | Bathinda +31 other locations,"Highly Rated For Work Life Balance, Job Security, Company Culture  Critically Rated For Promotions / Appraisal",1.1k Reviews,4.5k Salaries,45 Interviews,-- Jobs,107 Benefits
972,Air India Sats Airport Services,3.5,Aviation | New Delhi +48 other locations,"Critically Rated For Promotions / Appraisal, Salary & Benefits, Work Satisfaction",1.1k Reviews,2.3k Salaries,63 Interviews,6 Jobs,67 Benefits
973,mPokket,4.3,NBFC | Kolkata +20 other locations,"Highly Rated For Company Culture, Job Security, Skill Development / Learning",1.1k Reviews,1.4k Salaries,171 Interviews,5 Jobs,12 Benefits
974,SYSKA LED Lights,2.9,Consumer Electronics & Appliances | Pune +158 other locations,"Critically Rated For Promotions / Appraisal, Salary & Benefits, Company Culture",1k Reviews,2.5k Salaries,58 Interviews,-- Jobs,80 Benefits
975,Vedanta Aluminium,3.8,Metals & Mining | Jharsuguda +45 other locations,"Highly Rated For Salary & Benefits, Job Security  Critically Rated For Company Culture, Work Life Balance, Work Satisfaction",1k Reviews,4.5k Salaries,64 Interviews,-- Jobs,109 Benefits
976,CALIBEHR,4.0,IT Services & Consulting | Mumbai +178 other locations,"Highly Rated For Company Culture, Skill Development / Learning  Critically Rated For Promotions / Appraisal",1k Reviews,2.7k Salaries,63 Interviews,9 Jobs,62 Benefits
977,Spencer's Retail,3.8,Retail | Kolkata +63 other locations,Critically Rated For Promotions / Appraisal,1k Reviews,2.8k Salaries,60 Interviews,2 Jobs,94 Benefits
978,1point1 Solutions,3.3,BPO | Bangalore / Bengaluru +18 other locations,"Critically Rated For Promotions / Appraisal, Salary & Benefits, Work Satisfaction",1k Reviews,3.1k Salaries,83 Interviews,105 Jobs,85 Benefits
979,Klm Axiva Finvest,4.4,NBFC | Bangalore / Bengaluru +159 other locations,"Highly Rated For Company Culture, Work Life Balance, Work Satisfaction",1k Reviews,755 Salaries,436 Interviews,4 Jobs,6 Benefits
980,MG Motor,3.8,Automobile | Vadodara +98 other locations,Critically Rated For Promotions / Appraisal,1k Reviews,4.6k Salaries,76 Interviews,1 Jobs,72 Benefits
981,Zf Rane Automotive,3.9,Auto Components | Chennai +50 other locations,"Highly Rated For Skill Development / Learning, Job Security  Critically Rated For Promotions / Appraisal",1k Reviews,3.9k Salaries,63 Interviews,-- Jobs,133 Benefits
982,Gmmco,4.0,Industrial Machinery | Chennai +89 other locations,"Highly Rated For Skill Development / Learning, Job Security, Work Life Balance  Critically Rated For Promotions / Appraisal",1k Reviews,2.8k Salaries,52 Interviews,7 Jobs,110 Benefits
983,Pernod Ricard,3.5,Beverage | Gurgaon / Gurugram +119 other locations,"Highly Rated For Salary & Benefits  Critically Rated For Promotions / Appraisal, Job Security, Work Satisfaction",1k Reviews,4.4k Salaries,59 Interviews,14 Jobs,109 Benefits
984,GlobalData,3.4,Analytics & KPO | Hyderabad / Secunderabad +22 other locations,"Critically Rated For Promotions / Appraisal, Salary & Benefits, Work Satisfaction",1k Reviews,5.6k Salaries,91 Interviews,13 Jobs,101 Benefits
985,Metropolis Healthcare,3.9,Healthcare | Mumbai +99 other locations,Highly Rated For Skill Development / Learning  Critically Rated For Promotions / Appraisal,1k Reviews,3.5k Salaries,63 Interviews,-- Jobs,72 Benefits
986,Godrej Agrovet,3.9,Agriculture | Mumbai +144 other locations,"Highly Rated For Company Culture, Job Security  Critically Rated For Promotions / Appraisal",1k Reviews,3.3k Salaries,60 Interviews,5 Jobs,77 Benefits
987,Bharat Sanchar Nigam,3.9,Telecom | Bangalore / Bengaluru +237 other locations,"Highly Rated For Work Life Balance, Job Security, Work Satisfaction  Critically Rated For Promotions / Appraisal, Salary & Benefits",1k Reviews,2.5k Salaries,47 Interviews,-- Jobs,101 Benefits
988,TKIL,4.1,Industrial Machinery | Pune +59 other locations,"Highly Rated For Job Security, Company Culture, Work Life Balance  Critically Rated For Promotions / Appraisal",1k Reviews,4.4k Salaries,73 Interviews,6 Jobs,91 Benefits
989,Dana Anand,4.0,Auto Components | Pune +48 other locations,"Highly Rated For Company Culture, Job Security, Skill Development / Learning  Critically Rated For Promotions / Appraisal",1k Reviews,2.9k Salaries,51 Interviews,-- Jobs,125 Benefits
990,Aarvi Encon,3.9,Recruitment | Mumbai +128 other locations,"Critically Rated For Promotions / Appraisal, Job Security",1k Reviews,2.9k Salaries,78 Interviews,-- Jobs,66 Benefits
991,Kinara Capital,4.3,NBFC | Bangalore / Bengaluru +113 other locations,"Highly Rated For Company Culture, Work Life Balance, Salary & Benefits",1k Reviews,2.2k Salaries,90 Interviews,30 Jobs,149 Benefits
992,Knorr-Bremse,3.4,Auto Components | Pune +30 other locations,"Critically Rated For Promotions / Appraisal, Job Security, Work Satisfaction",1k Reviews,4.8k Salaries,66 Interviews,1 Jobs,110 Benefits
993,Thermo Fisher Scientific,3.7,Biotechnology | Bangalore / Bengaluru +35 other locations,Highly Rated For Work Life Balance  Critically Rated For Promotions / Appraisal,1k Reviews,6.3k Salaries,103 Interviews,139 Jobs,92 Benefits
994,Ceasefire Industries,3.1,Industrial Machinery | New Delhi +77 other locations,"Critically Rated For Promotions / Appraisal, Work Satisfaction, Job Security",1k Reviews,2.4k Salaries,119 Interviews,5 Jobs,76 Benefits
995,Hindustan Zinc,3.7,Metals & Mining | Udaipur +36 other locations,"Highly Rated For Salary & Benefits  Critically Rated For Company Culture, Work Life Balance, Work Satisfaction",1k Reviews,4.3k Salaries,53 Interviews,-- Jobs,103 Benefits
996,Wheels,3.9,Auto Components | Chennai +46 other locations,"Highly Rated For Job Security, Skill Development / Learning  Critically Rated For Promotions / Appraisal, Salary & Benefits",1k Reviews,5k Salaries,68 Interviews,-- Jobs,72 Benefits
997,Svatantra Microfin,3.9,NBFC | Mumbai +318 other locations,"Highly Rated For Company Culture, Job Security, Skill Development / Learning",1k Reviews,2k Salaries,39 Interviews,2 Jobs,74 Benefits
998,BirlaNu,3.9,Building Material | Hyderabad / Secunderabad +107 other locations,"Highly Rated For Job Security, Salary & Benefits  Critically Rated For Promotions / Appraisal",1k Reviews,2.8k Salaries,72 Interviews,-- Jobs,65 Benefits
999,Sahara India Pariwar,3.8,Broadcasting | Lucknow +247 other locations,"Highly Rated For Work Life Balance  Critically Rated For Promotions / Appraisal, Salary & Benefits",1k Reviews,2.4k Salaries,29 Interviews,-- Jobs,100 Benefits
